timestamp,open,high,low,close,volume,trade_count,vwap
2020-12-29,343.58,343.77,340.87,341.39,2601520.0,39106.0,342.078431
2020-12-30,342.28,342.91,341.565,341.85,2076855.0,27551.0,342.180216
2020-12-31,341.82,344.37,341.23,343.69,3591458.0,35752.0,342.434122
2021-01-04,345.02,345.09,335.37,339.03,5455173.0,101058.0,339.67366
2021-01-05,338.4,342.39,338.39,341.26,3317711.0,44070.0,340.626091
2021-01-06,339.79,346.5,339.3,343.33,4829352.0,56972.0,343.833107
2021-01-07,345.74,349.2,345.54,348.46,3763055.0,52332.0,348.048386
2021-01-08,349.88,350.619,346.64,350.42,3833879.0,52723.0,349.350356
2021-01-11,347.36,349.82,347.202,348.13,3041694.0,47081.0,348.339452
2021-01-12,348.3,349.15,345.97,348.16,2327920.0,38321.0,348.025925
2021-01-13,348.11,350.06,347.32,349.03,3056342.0,44766.0,349.165367
2021-01-14,349.83,350.3183,347.55,347.85,3538079.0,43959.0,349.277749
2021-01-15,346.27,347.06,343.53,345.37,3693450.0,61220.0,345.790476
2021-01-19,347.8,348.587,346.36,348.1,3511908.0,43671.0,347.839717
2021-01-20,350.32,353.71,349.97,352.83,2978488.0,40280.0,352.412639
2021-01-21,353.46,353.835,352.302,353.16,2604368.0,36953.0,353.24052
2021-01-22,351.38,353.04,350.99,351.9,1822752.0,32386.0,352.188759
2021-01-25,352.71,353.6814,347.97,353.33,3564902.0,57102.0,352.084683
2021-01-26,354.23,354.645,352.6,352.8,2445482.0,38412.0,353.436981
2021-01-27,349.54,349.56,341.99,344.23,5054116.0,103780.0,345.780843
2021-01-28,345.97,351.0707,345.58,347.13,3455673.0,53390.0,348.78049
2021-01-29,345.22,346.22,338.57,340.19,5941833.0,96620.0,341.813289
2021-02-01,343.63,346.85,341.4,345.7,3383937.0,56903.0,344.84863
2021-02-02,349.05,352.34,349.0,350.74,3025361.0,40512.0,351.252198
2021-02-03,351.7,352.8,349.88,351.09,3416248.0,40965.0,351.712862
2021-02-04,352.12,355.04,351.92,354.97,2051898.0,34276.0,353.608837
2021-02-05,356.9,357.1312,355.316,356.44,2108090.0,35121.0,356.409797
2021-02-08,357.92,359.07,357.06,359.04,3395323.0,43546.0,358.063237
2021-02-09,358.22,359.33,357.77,358.78,1908143.0,35669.0,358.786657
2021-02-10,360.53,360.61,356.3,358.64,2437604.0,44071.0,358.758471
2021-02-11,359.71,360.1,356.8376,359.22,2279401.0,34257.0,358.881384
2021-02-12,358.45,361.19,358.36,361.05,2162311.0,31282.0,359.63293
2021-02-16,362.15,362.37,359.98,360.71,4444184.0,47628.0,361.622665
2021-02-17,359.03,360.97,357.9222,360.79,3244211.0,44273.0,359.463807
2021-02-18,358.18,359.93,356.49,359.25,3041246.0,49186.0,358.334078
2021-02-19,360.47,360.71,358.14,358.59,2490721.0,39141.0,359.502993
2021-02-22,355.84,358.19,355.56,355.77,3417924.0,51700.0,356.597328
2021-02-23,353.69,357.56,349.53,356.22,5286142.0,83789.0,353.437337
2021-02-24,355.15,360.58,354.2,360.16,3333171.0,51758.0,358.238516
2021-02-25,359.03,360.27,350.08,351.45,7075926.0,126261.0,354.53068
2021-02-26,353.35,354.4678,347.71,349.67,7744092.0,112386.0,351.646972
2021-03-01,354.55,359.39,354.5,358.1,3748400.0,66639.0,357.19633
2021-03-02,358.38,358.63,355.16,355.34,5490714.0,81632.0,357.140589
2021-03-03,354.7,355.64,350.56,350.62,6411224.0,102851.0,353.148152
2021-03-04,350.49,353.02,341.915,346.34,6680118.0,133993.0,347.443408
2021-03-05,349.77,353.73,342.59,352.69,8853521.0,104488.0,348.736679
2021-03-08,353.63,356.4,350.66,350.96,5793781.0,90185.0,353.80934
2021-03-09,354.75,358.46,354.23,355.87,6116031.0,57837.0,356.908079
2021-03-10,358.3,359.84,356.88,358.07,7523999.0,79516.0,358.329531
2021-03-11,360.66,363.76,360.1605,361.85,3421796.0,61043.0,362.158152
2021-03-12,360.5,362.45,359.666,362.36,4889596.0,73457.0,361.046367
2021-03-15,362.59,364.75,360.45,364.52,3391785.0,59210.0,363.074349
2021-03-16,365.12,365.78,363.25,363.98,3733150.0,62331.0,364.651512
2021-03-17,362.83,366.05,361.62,365.24,5026069.0,93190.0,363.438832
2021-03-18,362.73,364.76,359.28,359.87,5090313.0,89587.0,362.240592
2021-03-19,359.65,361.17,357.14,359.32,5689434.0,85888.0,359.533916
2021-03-22,359.79,363.5,359.76,362.07,3436972.0,65152.0,361.728565
2021-03-23,361.53,362.94,358.51,359.41,5351175.0,90145.0,360.587634
2021-03-24,360.71,362.27,357.42,357.42,4151912.0,76173.0,360.21728
2021-03-25,356.08,360.24,354.14,359.43,5536143.0,95746.0,357.047409
2021-03-26,359.37,364.37,358.75,364.01,3332833.0,55509.0,360.475247
2021-03-29,362.57,364.68,361.1097,363.79,3177881.0,65277.0,363.008552
2021-03-30,362.56,363.47,361.27,362.86,3772649.0,60709.0,362.422865
2021-03-31,363.4,365.82,363.39,364.3,7919271.0,66780.0,364.690167
2021-04-01,366.2,368.29,366.03,368.16,5291818.0,74991.0,367.160922
2021-04-05,370.89,374.07,370.81,373.47,3797866.0,71417.0,372.726251
2021-04-06,373.04,374.33,372.67,373.26,3668882.0,61602.0,373.577816
2021-04-07,373.14,374.0797,372.72,373.73,2836485.0,46775.0,373.528473
2021-04-08,374.97,375.56,374.06,375.55,3968601.0,52574.0,375.031697
2021-04-09,375.42,378.4,375.33,378.25,2664760.0,50982.0,376.547028
2021-04-12,377.7,378.65,377.0799,378.42,2747529.0,63780.0,377.91895
2021-04-13,378.37,380.12,377.92,379.45,2985533.0,57806.0,378.948796
2021-04-14,379.46,380.51,377.7,378.23,3758134.0,62770.0,379.183772
2021-04-15,380.33,382.54,380.28,382.29,3573831.0,59848.0,381.507238
2021-04-16,383.558,384.15,382.19,383.63,3251646.0,65352.0,383.295661
2021-04-19,382.62,383.09,380.37,381.74,3945743.0,83356.0,381.654174
2021-04-20,380.49,381.16,377.465,378.94,4106739.0,87033.0,379.009533
2021-04-21,378.28,382.67,378.14,382.5,3690154.0,57449.0,380.876674
2021-04-22,382.32,383.115,377.96,378.99,4026666.0,72605.0,380.618802
2021-04-23,379.57,384.455,379.46,383.03,3835967.0,56115.0,382.447079
2021-04-26,383.73,384.45,383.32,383.86,3191594.0,54716.0,383.994598
2021-04-27,384.2,384.38,382.72,383.74,3435788.0,58269.0,383.710026
2021-04-28,384.1,385.1692,383.24,383.56,4161204.0,64395.0,383.971384
2021-04-29,386.4,386.74,382.81,386.12,4269178.0,71263.0,385.231543
2021-04-30,383.91,384.76,382.73,383.57,5532946.0,87924.0,383.59542
2021-05-03,385.56,385.94,383.96,384.44,4329303.0,81811.0,384.936759
2021-05-04,382.52,382.96,378.45,382.1,5505170.0,137529.0,380.489188
2021-05-05,383.72,383.91,381.44,382.17,4483946.0,65977.0,382.836618
2021-05-06,382.26,385.37,380.27,385.28,4737292.0,80073.0,382.941869
2021-05-07,386.02,388.68,385.33,388.03,3527040.0,57510.0,387.69427
2021-05-10,388.41,388.66,384.09,384.23,6122552.0,84856.0,386.648139
2021-05-11,379.75,381.74,376.95,380.86,7137699.0,129185.0,380.017086
2021-05-12,378.04,379.27,372.13,372.73,7721058.0,151805.0,375.312098
2021-05-13,374.21,379.05,374.17,377.16,7188210.0,110978.0,376.953139
2021-05-14,379.81,383.79,379.81,382.95,5189640.0,69087.0,382.094416
2021-05-17,381.9,382.75,380.0,382.03,3908293.0,67975.0,381.376076
2021-05-18,382.25,382.47,378.54,378.73,3206005.0,58861.0,381.198549
2021-05-19,374.06,377.84,372.62,377.73,5174967.0,112219.0,375.429031
2021-05-20,378.57,382.99,378.45,381.76,4864743.0,59398.0,381.255386
2021-05-21,383.23,384.45,381.01,381.47,3629544.0,58543.0,382.604589
2021-05-24,383.69,386.4,383.44,385.32,3040787.0,50712.0,385.313305
2021-05-25,386.4,386.76,383.94,384.51,4116061.0,68589.0,385.181881
2021-05-26,385.09,385.75,384.07,385.21,2733319.0,47011.0,385.089247
2021-05-27,386.2816,386.78,385.32,385.38,3076930.0,49482.0,386.011482
2021-05-28,387.03,387.27,385.94,386.13,3621605.0,52118.0,386.629955
2021-06-01,388.5,388.62,385.38,385.78,4579068.0,70219.0,386.614856
2021-06-02,386.45,387.24,385.47,386.48,3286896.0,56654.0,386.310556
2021-06-03,384.17,386.11,382.7,385.01,3544044.0,60182.0,384.909691
2021-06-04,386.81,388.8,386.76,388.5,2714222.0,42425.0,387.816696
2021-06-07,388.52,388.69,387.25,388.17,2607971.0,50066.0,387.917946
2021-06-08,389.0,389.08,386.44,388.23,2451632.0,49927.0,388.188578
2021-06-09,389.08,389.13,387.41,387.63,3164025.0,49049.0,388.353609
2021-06-10,388.86,390.3597,387.58,389.41,2689559.0,49081.0,389.316543
2021-06-11,390.0,390.2,388.73,390.09,2330895.0,50193.0,389.498764
2021-06-14,390.21,391.07,389.0,391.07,2381752.0,53808.0,389.694415
2021-06-15,391.15,391.2,389.4099,390.25,2486902.0,56217.0,390.294377
2021-06-16,390.4186,390.58,386.02,388.11,4276765.0,84195.0,388.384268
2021-06-17,387.62,388.91,385.5,387.97,4137978.0,76797.0,387.776114
2021-06-18,384.79,385.38,382.52,382.82,5469135.0,122514.0,384.085294
2021-06-21,384.5,388.38,383.65,388.18,4708085.0,75606.0,387.055734
2021-06-22,388.24,391.09,387.47,390.24,2768309.0,52183.0,389.396467
2021-06-23,390.35,391.14,389.7,389.82,2470458.0,48091.0,390.454717
2021-06-24,391.89,392.5185,391.67,392.05,3201216.0,50443.0,392.111889
2021-06-25,392.9,393.92,392.54,393.5,2934713.0,53761.0,393.215723
2021-06-28,394.03,394.45,392.83,394.32,2542155.0,55788.0,393.635897
2021-06-29,393.35,393.94,392.66,393.16,3185997.0,52481.0,393.32342
2021-06-30,392.72,394.131,392.72,393.52,4080241.0,60128.0,393.459907
2021-07-01,394.3,395.85,394.2062,395.74,3541389.0,63843.0,395.077661
2021-07-02,396.85,399.05,396.525,398.75,4517563.0,62129.0,397.804519
2021-07-06,398.77,398.99,395.3,398.0,4496660.0,101423.0,397.237336
2021-07-07,398.67,399.66,396.68,399.37,4892874.0,80879.0,398.916668
2021-07-08,394.2,396.88,393.02,396.19,5945916.0,136654.0,395.042484
2021-07-09,397.63,400.65,397.42,400.37,3381211.0,60231.0,399.420318
2021-07-12,400.3,402.03,399.87,401.82,3027035.0,68464.0,401.182508
2021-07-13,401.08,402.5,400.18,400.46,4471123.0,68384.0,401.122638
2021-07-14,402.06,402.57,399.82,401.01,3416206.0,68460.0,401.336913
2021-07-15,399.74,400.38,397.805,399.72,4623138.0,97971.0,399.348608
2021-07-16,400.84,400.88,396.14,396.61,4614878.0,92416.0,398.091923
2021-07-19,391.78,392.26,387.93,390.68,12376040.0,306392.0,389.558343
2021-07-20,391.345,397.5,390.01,396.2,4112255.0,69607.0,395.048308
2021-07-21,397.48,399.62,397.27,399.53,3021655.0,58343.0,398.675256
2021-07-22,399.71,400.56,398.7,400.38,2593536.0,50427.0,399.828667
2021-07-23,402.17,404.75,401.58,404.38,3172165.0,56265.0,403.53248
2021-07-26,403.92,405.42,403.82,405.41,2397909.0,53813.0,404.705276
2021-07-27,404.45,404.45,400.8,403.61,3636515.0,85802.0,402.627774
2021-07-28,404.17,404.76,402.04,403.39,3779547.0,73139.0,403.638389
2021-07-29,404.36,406.13,404.35,405.13,2286241.0,47911.0,405.463341
2021-07-30,402.59,404.53,402.4697,403.15,5567620.0,76822.0,403.235447
2021-08-02,404.78,405.36,401.94,402.33,7504610.0,83467.0,403.046753
2021-08-03,403.08,405.66,400.92,405.58,4395874.0,76692.0,404.154568
2021-08-04,404.31,404.86,403.34,403.64,4134107.0,77413.0,404.116576
2021-08-05,404.7,406.19,404.38,406.16,3270212.0,50016.0,405.431662
2021-08-06,406.44,407.18,406.17,406.86,2610333.0,51961.0,406.660973
2021-08-09,406.75,407.0492,405.69,406.47,2000217.0,52764.0,406.455644
2021-08-10,406.91,407.67,406.23,406.98,2405905.0,51331.0,406.967151
2021-08-11,408.0,408.07,406.91,407.96,3572244.0,56969.0,407.649593
2021-08-12,407.82,409.33,406.97,409.15,2399069.0,50248.0,408.268357
2021-08-13,409.64,409.96,409.18,409.96,2382695.0,48360.0,409.653963
2021-08-16,408.71,411.01,407.15,410.94,3521698.0,84001.0,409.115238
2021-08-17,408.41,409.05,405.31,408.23,5197301.0,125630.0,407.384839
2021-08-18,407.22,408.75,403.54,403.84,5012470.0,98066.0,406.584669
2021-08-19,401.09,405.55,400.931,404.41,5666566.0,108977.0,403.763983
2021-08-20,404.68,407.92,404.26,407.61,3340557.0,61183.0,406.802089
2021-08-23,409.25,412.08,409.23,411.22,3345119.0,56827.0,411.11502
2021-08-24,411.9,412.36,411.35,411.87,3090358.0,64197.0,411.930809
2021-08-25,412.06,413.21,411.67,412.63,3427167.0,59667.0,412.510123
2021-08-26,412.41,412.66,410.2,410.22,5031944.0,89372.0,411.041702
2021-08-27,411.09,414.33,411.02,413.86,3998380.0,67731.0,413.326325
2021-08-30,414.66,416.56,414.39,415.76,2850310.0,62946.0,415.767624
2021-08-31,415.66,416.02,414.58,415.05,6430750.0,99163.0,415.263112
2021-09-01,416.05,416.59,415.16,415.49,3323043.0,70756.0,415.892796
2021-09-02,416.8,417.44,415.495,416.73,2854028.0,61440.0,416.546734
2021-09-03,415.58,417.0593,415.16,416.57,3781146.0,73205.0,416.368132
2021-09-07,416.27,416.29,414.42,415.03,3672554.0,86032.0,415.323869
2021-09-08,414.53,415.26,412.6731,414.63,4023396.0,86398.0,413.998991
2021-09-09,414.34,416.07,412.57,412.77,3887834.0,87610.0,414.193451
2021-09-10,414.69,415.1,409.415,409.58,4044058.0,105767.0,411.995957
2021-09-13,412.52,412.71,408.31,410.54,4738347.0,109994.0,410.143184
2021-09-14,412.02,412.18,407.49,408.41,3695088.0,89859.0,409.081394
2021-09-15,408.79,412.2578,407.7,411.82,4018229.0,89631.0,410.299878
2021-09-16,411.27,412.19,408.23,411.11,3355717.0,67849.0,410.366769
2021-09-17,410.35,410.78,406.77,407.08,5448587.0,134624.0,408.105735
2021-09-20,401.11,402.64,395.57,400.43,10953159.0,267175.0,399.316776
2021-09-21,402.66,403.9,399.44,400.04,6463255.0,127965.0,401.534184
2021-09-22,402.17,405.85,401.26,403.9,6004796.0,100462.0,403.93456
2021-09-23,405.71,410.32,405.47,408.78,4169672.0,75149.0,408.729277
2021-09-24,407.17,410.13,406.95,409.46,3469097.0,56370.0,408.839649
2021-09-27,408.4208,409.57,407.59,408.3,3558124.0,69382.0,408.637872
2021-09-28,405.55,405.87,399.33,400.14,8352524.0,191467.0,401.376838
2021-09-29,400.1,401.79,398.86,399.46,4753049.0,99636.0,400.395331
2021-09-30,400.85,401.52,394.34,394.4,9829107.0,174567.0,397.295902
2021-10-01,396.2262,400.85,392.77,399.12,8523780.0,152298.0,396.781289
2021-10-04,398.12,398.94,391.96,394.21,8928530.0,197502.0,394.176149
2021-10-05,395.56,400.3526,394.79,398.04,5665426.0,99483.0,398.567243
2021-10-06,394.65,400.02,393.06,399.81,6626095.0,118124.0,396.444631
2021-10-07,403.07,406.05,402.85,403.25,4469380.0,73755.0,404.673002
2021-10-08,404.04,404.3881,401.94,402.49,4052690.0,67999.0,403.153147
2021-10-11,401.91,404.74,399.56,399.56,3918183.0,67685.0,401.729218
2021-10-12,400.55,400.92,397.87,398.76,6436738.0,95796.0,399.344728
2021-10-13,399.64,400.88,396.75,400.04,6525900.0,108355.0,398.764226
2021-10-14,403.7,406.95,403.22,406.76,3800816.0,61630.0,405.589129
2021-10-15,408.92,410.26,408.275,409.93,3561830.0,66143.0,409.390413
2021-10-18,408.2,411.46,407.53,411.18,3458584.0,71649.0,410.065964
2021-10-19,412.74,414.38,412.14,414.38,2926711.0,58784.0,413.557688
2021-10-20,414.74,416.22,414.65,415.99,3274618.0,65221.0,415.528849
2021-10-21,415.38,417.24,414.9449,417.01,2705446.0,57968.0,415.970208
2021-10-22,416.58,418.0,414.7,416.59,3740221.0,72760.0,416.59509
2021-10-25,417.64,419.14,415.93,418.75,2590991.0,57736.0,418.034655
2021-10-26,420.27,421.5294,418.86,419.15,3159116.0,68395.0,420.215935
2021-10-27,419.66,420.29,417.28,417.33,2930085.0,63553.0,419.10425
2021-10-28,418.78,421.44,418.75,421.41,3927958.0,58481.0,420.533106
2021-10-29,419.15,422.515,418.87,422.16,4865018.0,82561.0,421.163539
2021-11-01,423.19,423.57,421.28,423.05,4192822.0,89089.0,422.468414
2021-11-02,423.15,424.96,423.01,424.69,3119799.0,63605.0,424.226806
2021-11-03,424.14,427.66,423.69,427.25,3687140.0,77415.0,425.265035
2021-11-04,427.85,429.37,427.54,429.25,4389200.0,81854.0,428.523196
2021-11-05,431.55,432.76,429.3,430.71,5038698.0,108001.0,431.561571
2021-11-08,431.88,432.34,430.5,431.23,3675802.0,93262.0,431.427321
2021-11-09,431.56,431.75,428.34,429.72,4865155.0,103596.0,429.723486
2021-11-10,428.09,429.73,424.81,426.26,6532074.0,131750.0,427.520452
2021-11-11,427.7,427.82,426.39,426.4,3900684.0,65761.0,426.918955
2021-11-12,427.66,430.17,426.73,429.57,3878596.0,67537.0,428.911391
2021-11-15,430.95,431.005,428.65,429.77,3292299.0,78679.0,429.874745
2021-11-16,429.52,432.59,429.4721,431.41,3332099.0,67189.0,431.388869
2021-11-17,431.24,431.39,429.84,430.37,3910046.0,76079.0,430.642436
2021-11-18,431.44,432.17,428.8,431.86,4806002.0,88901.0,431.101004
2021-11-19,431.87,432.99,430.3798,431.05,5140302.0,94451.0,431.655175
2021-11-22,432.93,435.41,429.72,429.91,5026820.0,100484.0,433.047129
2021-11-23,429.57,431.29,427.04,430.47,6862413.0,141682.0,429.022251
2021-11-24,428.56,431.75,427.71,431.53,4631846.0,98442.0,430.084719
2021-11-26,425.19,426.52,420.9,422.14,7879942.0,188950.0,423.17532
2021-11-29,426.71,428.98,424.55,427.24,6714520.0,128274.0,427.102499
2021-11-30,424.8,426.63,418.63,419.06,8925217.0,190070.0,421.760241
2021-12-01,424.47,427.2212,413.97,414.24,8519546.0,169461.0,422.031932
2021-12-02,414.42,422.06,414.03,420.56,10599989.0,197940.0,419.273984
2021-12-03,422.12,423.19,412.77,416.84,10543481.0,208332.0,416.061428
2021-12-06,419.41,423.66,417.0,421.82,7496574.0,145330.0,421.047309
2021-12-07,426.98,431.1,426.94,430.49,4859168.0,72586.0,429.854198
2021-12-08,430.95,432.14,429.24,431.7,4637505.0,87841.0,430.800375
2021-12-09,430.46,431.32,428.61,428.76,5144262.0,97579.0,430.071321
2021-12-10,431.44,432.96,428.95,432.85,6302574.0,95207.0,431.137409
2021-12-13,432.36,432.66,428.75,429.02,6077978.0,114544.0,430.379035
2021-12-14,425.8,428.24,423.2,426.09,6640008.0,98178.0,425.382602
2021-12-15,426.11,432.98,423.67,432.75,6914423.0,125177.0,427.768575
2021-12-16,434.56,434.8,427.35,428.84,7312416.0,121719.0,431.313873
2021-12-17,425.85,428.79,422.67,424.39,9013269.0,161356.0,425.676996
2021-12-20,419.39,420.22,416.3,419.8,10089157.0,206675.0,418.289656
2021-12-21,421.65,425.85,419.52,425.69,7058530.0,114766.0,423.349802
2021-12-22,425.45,430.09,425.32,429.99,5031587.0,88507.0,428.102653
2021-12-23,430.91,434.0963,430.87,432.64,5160234.0,82134.0,432.845125
2021-12-27,433.98,438.82,433.95,438.81,5193002.0,90067.0,436.680957
2021-12-28,439.28,440.19,437.655,438.48,4988364.0,89789.0,438.859469
2021-12-29,438.5,439.95,437.54,439.01,4750903.0,84200.0,438.844016
2021-12-30,439.39,440.36,437.32,437.77,3845532.0,79756.0,439.171898
2021-12-31,437.23,438.38,436.39,436.57,5438398.0,88543.0,437.303186
2022-01-03,437.93,439.27,435.64,439.25,6182174.0,132673.0,437.911048
2022-01-04,440.58,441.26,437.22,439.07,6390188.0,130956.0,439.411424
2022-01-05,438.78,439.41,430.525,430.66,7630391.0,162238.0,436.023208
2022-01-06,430.2,432.83,427.9,430.08,8349170.0,162211.0,430.641605
2022-01-07,430.21,431.36,427.2,428.59,6256664.0,134038.0,429.277911
2022-01-10,425.38,428.19,419.77,428.03,10690359.0,218305.0,423.679149
2022-01-11,427.68,431.95,424.78,431.78,7470934.0,132176.0,428.909327
2022-01-12,433.56,435.04,431.14,433.07,8455271.0,143063.0,433.113019
2022-01-13,434.09,434.72,426.09,427.1,7702991.0,143756.0,430.536679
2022-01-14,423.945,427.5799,422.81,427.23,10157084.0,199586.0,425.312253
2022-01-18,422.62,424.98,417.33,419.74,10956776.0,231453.0,420.59373
2022-01-19,421.17,422.535,415.07,415.33,8345957.0,167947.0,419.482948
2022-01-20,417.17,421.75,410.29,410.76,8988190.0,183199.0,417.468024
2022-01-21,409.71,411.9265,402.66,402.69,16375233.0,327778.0,407.278084
2022-01-24,397.26,404.88,386.84,404.37,23392103.0,488956.0,395.267329
2022-01-25,398.17,404.26,392.7325,399.46,17009400.0,328280.0,398.056008
2022-01-26,405.66,408.1954,394.34,398.56,14562405.0,304538.0,402.189315
2022-01-27,402.93,405.97,394.82,396.54,12572654.0,251041.0,399.665826
2022-01-28,397.82,406.33,393.3,406.26,12316509.0,237688.0,399.661469
2022-01-31,405.67,413.97,404.35,413.69,9571355.0,171860.0,410.130341
2022-02-01,414.34,417.04,410.9,416.39,8277528.0,147743.0,414.143796
2022-02-02,418.98,421.18,416.54,420.36,6892880.0,124997.0,419.173559
2022-02-03,414.59,416.43,409.79,410.59,7821135.0,157808.0,413.565006
2022-02-04,410.34,416.24,408.06,412.52,8281660.0,158536.0,412.35359
2022-02-07,413.23,414.62,409.9,411.16,5740692.0,115895.0,412.576957
2022-02-08,410.72,415.46,409.35,414.49,5645148.0,105842.0,412.836966
2022-02-09,418.55,420.87,418.345,420.57,6415137.0,104486.0,419.618944
2022-02-10,414.93,420.8,411.14,413.18,9434078.0,180471.0,415.888307
2022-02-11,413.15,415.2,403.57,404.94,10552490.0,204135.0,409.178469
2022-02-14,404.43,405.99,400.24,403.62,10337103.0,218017.0,403.404105
2022-02-15,408.18,410.29,407.46,410.1,6856922.0,111072.0,409.221318
2022-02-16,408.2,411.89,406.32,410.59,7794702.0,152826.0,408.694509
2022-02-17,407.49,407.98,401.23,401.86,7593311.0,179904.0,404.365889
2022-02-18,402.15,403.31,397.0,399.29,10622250.0,269761.0,399.779541
2022-02-22,397.05,400.37,391.505,394.92,10639413.0,258988.0,395.925671
2022-02-23,397.74,398.32,387.38,388.03,12154857.0,284482.0,392.132949
2022-02-24,377.76,394.17,377.5,393.48,22505904.0,429619.0,384.744729
2022-02-25,394.95,402.52,393.3955,402.37,11756193.0,219333.0,399.644371
2022-02-28,397.18,402.85,396.0,401.36,11965769.0,238676.0,399.24551
2022-03-01,400.01,401.92,392.79,395.34,9200055.0,200806.0,396.70149
2022-03-02,397.72,404.1,396.78,402.6,8291006.0,151229.0,401.545547
2022-03-03,405.02,405.54,398.88,400.58,8793534.0,144073.0,401.799061
2022-03-04,396.93,398.4264,393.37,397.34,6379353.0,148009.0,395.914799
2022-03-07,396.73,397.0,385.56,385.61,8620363.0,209577.0,389.400733
2022-03-08,385.76,392.74,381.64,382.7,9464174.0,200406.0,386.311351
2022-03-09,390.88,394.85,388.72,392.9,5976386.0,108569.0,392.338752
2022-03-10,388.44,392.01,386.53,391.15,6529710.0,127265.0,389.327313
2022-03-11,393.62,394.1899,385.68,386.16,5910445.0,106460.0,390.187489
2022-03-14,387.07,390.268,382.25,383.34,6565088.0,150829.0,384.732313
2022-03-15,385.86,392.37,384.63,391.75,5800226.0,90323.0,388.983774
2022-03-16,395.5,400.55,390.55,400.51,7434022.0,115744.0,396.412739
2022-03-17,398.64,405.56,398.3,405.41,5271975.0,98247.0,401.928543
2022-03-18,403.98,410.28,403.24,409.89,6026833.0,108030.0,407.261911
2022-03-21,409.84,411.75,406.43,409.91,4283370.0,95645.0,409.328908
2022-03-22,411.2,415.52,411.2,414.67,4285265.0,82849.0,413.817773
2022-03-23,412.16,413.62,409.29,409.33,3804951.0,78654.0,411.481357
2022-03-24,409.89,414.1,408.81,414.02,3028900.0,60721.0,411.734562
2022-03-25,414.79,416.3581,412.205,416.12,3729322.0,77172.0,414.569745
2022-03-28,415.5,419.05,413.69,418.99,3672068.0,86214.0,416.292741
2022-03-29,422.96,424.72,420.25,424.29,5954092.0,105963.0,422.622785
2022-03-30,423.26,424.01,419.59,421.69,5021430.0,90769.0,422.116451
2022-03-31,420.97,421.67,415.05,415.17,6317984.0,107882.0,418.149686
2022-04-01,416.68,416.818,412.87,416.32,4883938.0,117693.0,415.243575
2022-04-04,416.45,419.96,415.72,419.85,5372275.0,96738.0,418.595795
2022-04-05,418.56,420.82,413.5,414.66,4221339.0,111311.0,416.711514
2022-04-06,410.76,412.66,407.64,410.46,5658828.0,121198.0,409.96858
2022-04-07,409.6,414.3,407.74,412.53,4996813.0,120432.0,411.128909
2022-04-08,411.85,414.22,409.98,411.53,4819121.0,80248.0,412.152245
2022-04-11,408.5,409.0592,403.925,404.4,3461914.0,99373.0,406.170413
2022-04-12,407.33,409.71,401.37,402.92,6874643.0,110828.0,404.993744
2022-04-13,402.57,408.2,402.48,407.47,4620392.0,73018.0,405.888662
2022-04-14,407.72,408.78,402.34,402.52,3833397.0,88961.0,405.16512
2022-04-18,401.55,404.22,400.44,402.59,4416585.0,110622.0,402.200607
2022-04-19,402.58,409.77,402.36,409.02,3907529.0,88793.0,407.12645
2022-04-20,410.82,411.39,407.67,408.71,5154148.0,103298.0,409.752974
2022-04-21,412.38,413.68,401.8,402.65,4738040.0,111094.0,407.492629
2022-04-22,401.67,401.885,391.1,391.66,6397005.0,205868.0,395.917444
2022-04-25,389.42,394.0584,385.0,393.8,8358857.0,200398.0,388.925129
2022-04-26,391.4,391.59,382.44,382.54,8604669.0,212161.0,386.35055
2022-04-27,383.5,388.75,381.5,383.53,6504215.0,111742.0,385.27477
2022-04-28,388.23,394.9,383.87,393.14,7237747.0,110324.0,389.463016
2022-04-29,389.42,391.45,378.0,378.7,8476644.0,186896.0,383.821433
2022-05-02,378.79,382.27,372.33,381.08,11021419.0,223819.0,377.591362
2022-05-03,381.62,385.0556,380.0,382.73,5736342.0,121886.0,382.590375
2022-05-04,383.35,394.925,380.28,394.34,7419640.0,129634.0,386.01901
2022-05-05,390.22,390.31,376.35,380.49,10532218.0,223497.0,381.394205
2022-05-06,378.01,381.28,372.95,378.1,8107385.0,170160.0,377.213543
2022-05-09,372.36,373.56,364.5,365.9,10904423.0,223877.0,368.348846
2022-05-10,371.9,373.22,362.91,366.84,7992425.0,162204.0,367.584477
2022-05-11,365.97,371.36,360.27,360.93,8099188.0,147081.0,365.296283
2022-05-12,357.835,363.75,354.02,360.65,7973258.0,154812.0,358.070613
2022-05-13,364.73,370.58,363.6416,369.16,5456538.0,103805.0,367.695322
2022-05-16,367.71,371.35,365.45,367.84,4877308.0,87122.0,368.172116
2022-05-17,373.66,375.56,370.08,375.2,4560582.0,80757.0,373.49866
2022-05-18,370.98,371.16,359.0,360.34,6968333.0,143043.0,363.796999
2022-05-19,357.17,362.23,355.85,357.93,6502680.0,121421.0,358.752289
2022-05-20,361.41,361.95,349.76,358.02,8938175.0,188801.0,355.358833
2022-05-23,361.09,365.57,358.85,364.81,5416084.0,89567.0,363.110946
2022-05-24,360.85,363.21,355.7,362.18,5699658.0,102730.0,359.218714
2022-05-25,360.54,367.16,360.27,365.2,6114722.0,87014.0,364.037521
2022-05-26,366.445,374.13,366.27,372.46,4429954.0,69805.0,371.759718
2022-05-27,374.94,381.86,374.8,381.8,4047947.0,76532.0,378.767133
2022-05-31,380.23,382.85,376.92,379.68,5125948.0,93661.0,380.014279
2022-06-01,381.61,382.64,374.1,376.5,4347855.0,82357.0,377.746579
2022-06-02,376.41,383.74,374.2,383.65,3338491.0,74536.0,379.329027
2022-06-03,379.11,380.6,376.48,377.44,2804785.0,69116.0,378.090162
2022-06-06,381.33,382.96,377.41,378.47,2748010.0,58972.0,379.774174
2022-06-07,375.16,382.61,374.71,382.17,2707546.0,57370.0,379.413611
2022-06-08,380.5,382.23,377.26,377.99,3473621.0,66622.0,379.571846
2022-06-09,376.24,378.44,369.02,369.1,3152671.0,72985.0,374.172032
2022-06-10,362.93,363.69,358.23,358.27,7830139.0,159112.0,359.768806
2022-06-13,349.11,350.8353,343.06,344.46,10980145.0,216317.0,346.59278
2022-06-14,346.37,347.32,340.57,343.6,7667629.0,143879.0,343.786844
2022-06-15,346.82,352.84,341.97,348.52,8397818.0,121448.0,347.759029
2022-06-16,340.48,340.84,334.57,337.07,9328840.0,173460.0,337.346975
2022-06-17,337.31,340.87,334.24,337.95,7177169.0,125321.0,338.064072
2022-06-21,343.19,347.5,343.11,346.23,5770673.0,84878.0,345.924664
2022-06-22,342.08,349.51,341.6348,345.5,4984353.0,94808.0,346.43213
2022-06-23,347.63,349.61,344.14,349.13,7675516.0,93080.0,347.766623
2022-06-24,352.03,360.02,351.97,360.0,5516855.0,78563.0,357.444559
2022-06-27,361.0,361.15,357.57,358.65,4796273.0,88860.0,359.187269
2022-06-28,360.08,362.835,350.9,350.9,11312180.0,100965.0,352.583372
2022-06-29,350.43,351.36,347.81,349.64,3809053.0,73587.0,349.557835
2022-06-30,345.88,349.84,342.45,346.88,7419894.0,125655.0,346.591504
2022-07-01,346.16,350.83,343.59,350.44,8865292.0,100256.0,348.983973
2022-07-05,345.48,351.1,342.78,351.06,6390782.0,141513.0,346.577532
2022-07-06,351.23,354.68,348.93,352.33,5628799.0,106045.0,351.794645
2022-07-07,354.01,358.3,354.0,357.5,3881553.0,75008.0,356.6996
2022-07-08,355.96,359.05,354.471,357.29,4847697.0,86475.0,357.239657
2022-07-11,354.84,355.57,352.51,353.25,3573388.0,72280.0,353.728011
2022-07-12,352.6,354.9,348.38,349.99,4116102.0,62475.0,351.985832
2022-07-13,344.74,351.0,344.37,348.36,5663934.0,101642.0,348.38842
2022-07-14,343.41,347.95,341.045,347.44,4706884.0,99999.0,344.401577
2022-07-15,351.73,354.11,349.8,354.01,4838096.0,74253.0,352.886073
2022-07-18,356.97,357.62,349.92,351.08,3671404.0,81068.0,354.445986
2022-07-19,354.95,361.09,354.25,360.61,3654080.0,73226.0,358.407703
2022-07-20,360.7,364.2399,359.45,362.92,4310887.0,83469.0,362.393265
2022-07-21,362.36,366.62,360.01,366.59,4650601.0,89574.0,364.133505
2022-07-22,366.69,367.84,361.01,363.25,4590798.0,86613.0,364.037821
2022-07-25,363.84,364.44,361.45,363.61,3952792.0,88958.0,363.033046
2022-07-26,362.12,362.21,358.4501,359.25,3044319.0,69660.0,360.091434
2022-07-27,362.49,370.33,362.2205,368.66,4544750.0,78549.0,366.129815
2022-07-28,369.42,373.91,365.98,373.2,4605494.0,73459.0,371.425111
2022-07-29,374.73,379.66,373.93,378.79,5479973.0,89644.0,377.281407
2022-08-01,376.12,380.01,375.44,377.65,4632602.0,88850.0,377.793313
2022-08-02,376.11,379.627,373.95,375.21,4198950.0,93844.0,376.545877
2022-08-03,377.19,382.1,376.91,381.07,4036828.0,83682.0,380.106212
2022-08-04,380.88,381.53,379.19,380.77,3480861.0,74094.0,380.560739
2022-08-05,376.65,380.7,376.54,379.98,2976116.0,82688.0,378.859231
2022-08-08,381.78,383.9068,378.57,379.64,3550857.0,83052.0,381.115486
2022-08-09,379.02,379.41,377.1,378.14,2432868.0,65682.0,378.101357
2022-08-10,384.99,386.23,383.1,386.06,3813157.0,74918.0,385.172151
2022-08-11,388.87,390.65,385.4,386.06,3802093.0,87063.0,387.874289
2022-08-12,387.95,392.72,387.09,392.67,3919072.0,73839.0,390.12882
2022-08-15,390.49,394.76,390.46,394.35,3367173.0,75888.0,392.923984
2022-08-16,393.24,396.89,392.44,395.04,3995412.0,85060.0,394.607133
2022-08-17,391.56,394.85,390.2931,392.34,3445934.0,72595.0,392.334654
2022-08-18,392.42,394.02,391.17,393.55,3294529.0,66035.0,392.859081
2022-08-19,390.7,390.95,387.25,388.12,2934896.0,79611.0,388.760235
2022-08-22,383.43,383.54,379.09,379.94,4257983.0,109732.0,381.034443
2022-08-23,379.56,381.87,378.5233,379.04,2953372.0,67328.0,379.833169
2022-08-24,378.9,381.58,378.18,380.19,2371273.0,51377.0,379.978738
2022-08-25,381.76,385.73,380.7,385.73,2704622.0,51394.0,383.089724
2022-08-26,385.55,386.05,372.51,372.51,5206383.0,126831.0,377.252194
2022-08-29,369.77,373.05,368.78,370.05,5078695.0,95310.0,371.085694
2022-08-30,371.3,371.445,364.02,366.03,5220549.0,106964.0,366.426277
2022-08-31,367.61,368.79,363.11,363.15,4247083.0,87581.0,365.266637
2022-09-01,361.1,364.7,358.51,364.27,6421664.0,116846.0,361.185853
2022-09-02,367.95,369.13,358.78,360.45,4743066.0,93774.0,363.977303
2022-09-06,361.36,362.28,357.0,359.24,5814750.0,113798.0,359.543432
2022-09-07,358.86,366.375,358.6904,365.68,4316927.0,68751.0,364.375328
2022-09-08,363.375,368.48,362.27,368.07,3745571.0,78912.0,365.913917
2022-09-09,370.24,374.61,369.98,373.75,2693106.0,56723.0,372.715151
2022-09-12,375.82,378.51,375.51,377.86,3140330.0,59539.0,377.142083
2022-09-13,369.34,370.53,360.2801,361.38,5695692.0,124049.0,365.565304
2022-09-14,362.58,364.17,359.53,362.73,3620238.0,79605.0,362.096989
2022-09-15,361.16,363.97,357.4,358.68,4068799.0,83457.0,359.908774
2022-09-16,354.56,356.48,352.69,355.86,4784040.0,101069.0,354.6657
2022-09-19,352.8,358.59,352.75,358.59,3471539.0,67358.0,356.370153
2022-09-20,355.38,356.38,351.8332,354.55,3757213.0,81905.0,354.337824
2022-09-21,356.38,359.3,348.31,348.31,5141134.0,107689.0,353.527092
2022-09-22,347.55,348.54,344.67,345.37,5800272.0,104015.0,346.40353
2022-09-23,342.08,342.08,335.31,339.63,10592355.0,213416.0,338.746794
2022-09-26,338.23,341.66,335.07,336.34,5491074.0,103736.0,337.760876
2022-09-27,339.79,341.84,333.08,335.39,5932036.0,121588.0,336.57519
2022-09-28,334.8,342.1,333.18,340.48,8762161.0,127458.0,338.954831
2022-09-29,337.15,337.3,330.53,333.38,7290754.0,148054.0,333.085782
2022-09-30,332.57,336.19,328.12,328.3,8055490.0,132367.0,331.368386
2022-10-03,331.79,338.66,330.1,336.98,6102360.0,98198.0,335.337225
2022-10-04,342.14,347.33,342.13,347.21,5318039.0,90314.0,345.715667
2022-10-05,343.12,348.64,340.86,346.61,4943788.0,85509.0,344.850176
2022-10-06,345.18,347.98,342.49,342.96,3923424.0,85244.0,344.532088
2022-10-07,339.08,339.34,331.65,333.33,5654306.0,105956.0,334.513406
2022-10-10,334.47,334.67,328.66,330.84,3990421.0,82824.0,331.581677
2022-10-11,329.2,333.56,326.85,328.66,5054123.0,96002.0,329.710072
2022-10-12,329.15,330.58,327.44,327.64,3297297.0,62160.0,329.01444
2022-10-13,320.84,337.675,319.87,336.22,6669805.0,116782.0,329.393781
2022-10-14,338.62,340.19,328.025,328.65,4984276.0,103486.0,331.777151
2022-10-17,334.57,338.1,334.46,337.0,3976206.0,76660.0,336.75509
2022-10-18,344.68,345.0,337.765,340.97,5025839.0,73918.0,341.341295
2022-10-19,339.04,341.67,335.9,338.61,4601114.0,68321.0,338.37072
2022-10-20,338.17,342.42,335.05,335.83,3507513.0,57792.0,338.39098
2022-10-21,335.5,344.3905,334.13,343.9,4431289.0,74794.0,340.67416
2022-10-24,345.45,349.23,342.87,348.09,5716529.0,90617.0,346.799633
2022-10-25,348.05,354.03,348.03,353.75,5648101.0,76991.0,352.450739
2022-10-26,350.7,356.17,350.44,351.11,4322274.0,79399.0,352.71738
2022-10-27,352.05,353.79,348.595,349.23,4291482.0,82292.0,350.621543
2022-10-28,349.04,357.98,348.95,357.38,4536899.0,88113.0,355.027083
2022-10-31,355.16,356.92,354.05,354.95,6499845.0,115482.0,355.374296
2022-11-01,358.53,358.765,352.29,353.52,8063411.0,90062.0,354.297118
2022-11-02,352.78,357.125,344.41,344.5,5062047.0,96684.0,350.645014
2022-11-03,341.34,343.81,338.9,340.83,4983046.0,87297.0,341.586274
2022-11-04,346.41,348.02,340.0,345.82,3799363.0,74951.0,343.991171
2022-11-07,347.06,349.71,345.1,349.14,3316597.0,68376.0,347.58496
2022-11-08,350.21,353.87,347.08,351.04,3237196.0,64542.0,351.186318
2022-11-09,349.08,350.22,343.3581,343.87,3570793.0,75458.0,346.341966
2022-11-10,356.52,363.01,354.41,362.69,4603632.0,85560.0,359.235993
2022-11-11,363.69,367.02,361.74,366.16,4875820.0,83927.0,364.501517
2022-11-14,364.57,367.79,362.89,363.22,5274312.0,83419.0,365.686257
2022-11-15,368.65,369.742,362.59,366.22,4597800.0,82061.0,366.825517
2022-11-16,364.7,365.52,362.85,363.44,2755123.0,64379.0,363.947422
2022-11-17,358.8,362.99,358.565,362.39,3284424.0,59548.0,360.82815
2022-11-18,365.46,365.59,361.23,363.99,2573047.0,47293.0,363.170619
2022-11-21,362.77,363.7386,360.87,362.71,2397875.0,59850.0,362.471172
2022-11-22,364.51,367.68,363.21,367.54,2315964.0,50795.0,365.689147
2022-11-23,367.21,370.3599,367.0225,369.84,2590859.0,51844.0,369.109657
2022-11-25,369.39,370.34,369.06,369.8,1423444.0,30127.0,369.755281
2022-11-28,366.86,368.38,363.15,363.95,3557001.0,77019.0,365.423846
2022-11-29,363.93,365.18,361.48,363.31,2507770.0,60273.0,363.256421
2022-11-30,363.45,374.59,361.65,374.49,4748832.0,87724.0,368.331358
2022-12-01,375.87,377.0,372.05,374.54,4608628.0,83707.0,374.388599
2022-12-02,369.66,374.88,369.66,374.0,3594667.0,70458.0,372.115837
2022-12-05,371.28,372.19,365.99,367.34,3706993.0,92042.0,368.668075
2022-12-06,367.09,367.61,359.931,362.03,3911040.0,95727.0,362.420269
2022-12-07,361.05,363.61,360.31,361.33,3337977.0,69180.0,361.604821
2022-12-08,363.13,365.15,361.6,364.18,3604516.0,67085.0,363.878677
2022-12-09,363.0,365.4402,361.3403,361.52,4270149.0,55904.0,363.638696
2022-12-12,362.28,366.68,361.58,366.68,2946216.0,60896.0,363.870954
2022-12-13,377.11,377.19,366.801,369.39,6161825.0,102796.0,371.759643
2022-12-14,369.1,372.8,364.25,367.16,4707115.0,77591.0,368.945532
2022-12-15,362.47,363.24,356.46,358.13,5126752.0,123064.0,358.49948
2022-12-16,355.649,356.83,351.79,353.86,4530416.0,112856.0,353.650643
2022-12-19,354.13,354.34,349.25,350.81,5538489.0,94822.0,351.315977
2022-12-20,348.45,351.165,347.208,349.67,5068210.0,94268.0,349.819572
2022-12-21,352.2,355.9516,351.7,354.9,3832448.0,74524.0,354.46737
2022-12-22,351.98,352.25,344.34,349.91,6462233.0,130138.0,347.390708
2022-12-23,348.93,351.9479,347.35,351.87,4570576.0,72771.0,350.241053
2022-12-27,351.76,352.04,348.85,350.47,4303215.0,98515.0,350.787568
2022-12-28,350.42,352.2,345.9,346.17,4464644.0,89660.0,348.213012
2022-12-29,348.91,353.125,348.47,352.31,4086575.0,65519.0,351.904448
2022-12-30,349.79,351.49,347.7635,351.34,5323264.0,101280.0,349.565415
2023-01-03,353.181,355.0423,347.19,349.99,4957334.0,131078.0,349.978965
2023-01-04,352.1,354.5635,349.2,352.51,3119087.0,72091.0,352.278943
2023-01-05,350.73,350.8,348.06,348.66,3216538.0,70668.0,349.224888
2023-01-06,351.59,357.67,348.7399,356.59,3462774.0,72701.0,354.684646
2023-01-09,358.73,361.73,356.2214,356.33,3775322.0,78860.0,359.246542
2023-01-10,355.84,358.95,354.96,358.87,3495719.0,62701.0,357.517404
2023-01-11,360.41,363.51,359.66,363.45,5710532.0,101550.0,361.649497
2023-01-12,364.48,366.15,360.6,364.81,4743460.0,77640.0,364.328603
2023-01-13,361.6807,366.7297,361.47,366.23,3012315.0,67854.0,364.435493
2023-01-17,366.19,367.72,364.87,365.67,4942003.0,87131.0,366.017871
2023-01-18,366.67,367.66,359.58,359.73,3931803.0,79598.0,362.693695
2023-01-19,357.76,359.355,355.85,357.14,3514877.0,66901.0,357.637661
2023-01-20,358.45,363.91,356.88,363.71,3263984.0,59338.0,361.260626
2023-01-23,364.51,370.0,363.65,368.14,3243283.0,66631.0,367.62166
2023-01-24,366.57,368.61,365.42,367.75,2702380.0,53507.0,367.387048
2023-01-25,363.78,368.16,361.66,367.88,3061683.0,69320.0,365.221748
2023-01-26,370.46,372.06,367.61,371.81,3460934.0,60663.0,369.846834
2023-01-27,370.89,375.08,370.76,372.87,5547264.0,80429.0,373.02835
2023-01-30,370.15,372.29,367.86,368.21,3280594.0,86192.0,369.805752
2023-01-31,368.61,373.54,368.33,373.44,4181686.0,70867.0,371.036198
2023-02-01,372.44,380.16,369.76,377.53,4941692.0,95583.0,374.783621
2023-02-02,381.25,384.41,379.4,382.94,5207926.0,113037.0,381.748212
2023-02-03,378.23,383.2,377.79,378.85,6467853.0,105090.0,380.194718
2023-02-06,376.575,377.93,375.02,376.66,2880098.0,78924.0,376.698887
2023-02-07,375.79,382.7468,374.62,381.52,4504633.0,83847.0,378.188268
2023-02-08,379.69,380.93,376.73,377.34,2921503.0,66896.0,378.290362
2023-02-09,380.97,381.0,372.9486,374.11,3327715.0,68414.0,376.637753
2023-02-10,373.0,375.39,372.2,375.02,3252209.0,63557.0,374.282061
2023-02-13,375.649,379.44,375.2,379.35,2980600.0,63779.0,378.235953
2023-02-14,377.96,381.42,375.45,379.21,4718037.0,70121.0,378.381962
2023-02-15,377.15,380.53,376.33,380.48,2831621.0,62605.0,378.706083
2023-02-16,375.66,379.43,375.09,375.19,3077501.0,70796.0,377.057831
2023-02-17,373.179,374.45,371.32,374.22,3282555.0,83079.0,372.919245
2023-02-21,370.4,371.335,366.48,366.79,3109176.0,114997.0,368.41314
2023-02-22,367.18,368.6,364.84,366.33,3872004.0,74472.0,366.572446
2023-02-23,369.07,369.57,364.13,368.17,2867193.0,69038.0,367.014371
2023-02-24,363.31,365.03,361.73,364.23,4052825.0,99363.0,363.28213
2023-02-27,367.49,368.77,364.5936,365.49,3300148.0,79147.0,366.343755
2023-02-28,365.01,366.86,364.05,364.11,3022200.0,67891.0,365.208827
2023-03-01,363.34,364.51,361.45,362.78,3764724.0,81048.0,362.827564
2023-03-02,360.81,366.36,360.53,365.49,2730814.0,70820.0,363.227941
2023-03-03,367.29,371.67,366.7,371.28,4911596.0,66516.0,370.280873
2023-03-06,372.26,374.44,371.3,371.73,2638325.0,71728.0,372.854036
2023-03-07,371.63,371.89,365.385,365.98,3546141.0,81533.0,367.701892
2023-03-08,366.11,367.2987,364.44,366.55,2906258.0,63801.0,365.874615
2023-03-09,367.35,368.88,358.85,359.84,4409629.0,93889.0,363.372508
2023-03-10,359.33,361.24,353.14,354.68,8350760.0,161860.0,356.181127
2023-03-13,350.76,358.67,349.76,354.08,6475944.0,126769.0,354.86928
2023-03-14,358.88,361.51,355.63,359.96,4798811.0,88110.0,358.991412
2023-03-15,354.46,357.88,352.565,357.74,6610386.0,125938.0,355.413427
2023-03-16,355.54,364.26,354.99,363.86,5049842.0,83881.0,361.281678
2023-03-17,362.76,363.79,358.4201,359.88,5186800.0,85106.0,360.251282
2023-03-20,360.47,363.58,359.82,363.13,3099753.0,68640.0,362.102278
2023-03-21,366.42,368.41,364.88,367.88,4117629.0,61501.0,366.824455
2023-03-22,367.78,371.219,361.66,361.78,4094840.0,82103.0,367.272867
2023-03-23,364.48,368.286,360.12,362.64,4787193.0,78255.0,364.32304
2023-03-24,359.98,363.63,357.72,363.56,3740314.0,78350.0,361.059108
2023-03-27,365.725,366.43,363.4,364.16,4144795.0,74996.0,364.899257
2023-03-28,363.54,364.2,361.682,363.52,2413653.0,64231.0,363.060956
2023-03-29,367.4,368.94,366.29,368.69,3636069.0,64204.0,367.438315
2023-03-30,371.23,371.48,369.102,370.89,3316742.0,66989.0,370.583696
2023-03-31,371.78,376.34,371.65,376.07,4157065.0,81658.0,374.440041
2023-04-03,375.6,377.91,375.22,377.56,3525296.0,94233.0,376.604572
2023-04-04,378.19,378.4,374.13,375.43,2713278.0,68968.0,375.907854
2023-04-05,374.71,375.42,372.89,374.52,3227735.0,75145.0,374.123748
2023-04-06,373.67,376.185,372.72,375.95,3076223.0,62379.0,374.975201
2023-04-10,373.55,376.39,372.96,376.36,2671117.0,76810.0,374.727338
2023-04-11,376.9,377.76,375.69,376.41,3069001.0,62097.0,376.76142
2023-04-12,378.4,378.62,374.32,374.91,3624173.0,75123.0,376.144552
2023-04-13,375.91,380.17,375.4448,379.77,2680870.0,59861.0,378.473077
2023-04-14,379.27,381.33,376.72,378.99,2980632.0,76908.0,378.496931
2023-04-17,378.84,380.32,377.68,380.28,2720959.0,79685.0,378.924629
2023-04-18,381.84,381.915,379.24,380.54,3019268.0,71257.0,380.308483
2023-04-19,378.73,381.33,378.67,380.52,2671311.0,61229.0,380.100469
2023-04-20,377.78,380.07,376.94,378.37,2953173.0,63437.0,378.493589
2023-04-21,378.68,379.1,376.82,378.59,2761668.0,62764.0,378.31583
2023-04-24,378.48,379.47,377.23,379.09,2310373.0,70396.0,378.563198
2023-04-25,377.18,377.7,373.02,373.1,3795428.0,85521.0,374.840469
2023-04-26,373.66,374.68,370.98,371.44,3766896.0,78073.0,372.826471
2023-04-27,373.89,379.13,373.67,378.81,4302377.0,71624.0,377.334096
2023-04-28,378.04,382.12,378.0,382.05,3382483.0,81833.0,380.801313
2023-05-01,381.73,383.64,381.52,381.79,3069297.0,82012.0,382.380182
2023-05-02,381.06,381.11,374.67,377.51,4311590.0,109237.0,376.941306
2023-05-03,377.91,380.2,374.6,374.88,5513039.0,104467.0,377.041422
2023-05-04,373.84,374.11,370.92,372.14,4421484.0,115848.0,372.448027
2023-05-05,375.74,380.09,375.43,378.97,3134078.0,64498.0,378.047035
2023-05-08,379.41,379.62,377.88,379.18,2957618.0,65137.0,379.035357
2023-05-09,377.71,378.58,377.33,377.54,2271049.0,55129.0,377.835174
2023-05-10,380.28,380.83,375.64,379.19,3512947.0,71312.0,378.450408
2023-05-11,378.47,378.88,376.67,378.66,2676622.0,64858.0,378.062484
2023-05-12,379.85,380.01,375.835,378.15,2530297.0,65104.0,377.498954
2023-05-15,378.74,379.84,376.91,379.46,3882561.0,75050.0,378.731921
2023-05-16,378.39,379.28,376.91,376.95,2277616.0,60658.0,378.070026
2023-05-17,378.85,382.09,377.28,381.45,3222645.0,66802.0,380.161257
2023-05-18,381.26,385.57,381.0,385.18,3340620.0,74624.0,383.252896
2023-05-19,386.02,386.54,383.44,384.57,3646578.0,75148.0,384.937957
2023-05-22,384.66,386.23,383.47,384.78,2784012.0,74607.0,385.058999
2023-05-23,383.19,384.11,380.08,380.48,2887264.0,70685.0,382.081953
2023-05-24,378.91,379.25,376.57,377.63,3611592.0,79839.0,377.585434
2023-05-25,380.99,382.28,378.92,380.92,3315872.0,66027.0,380.448629
2023-05-26,381.64,386.57,381.535,385.87,3040674.0,69960.0,384.910047
2023-05-30,387.76,388.26,384.76,385.99,3968451.0,101485.0,386.441524
2023-05-31,384.31,385.16,382.42,383.89,4205348.0,89853.0,383.84542
2023-06-01,384.2,388.57,382.97,387.57,3563555.0,81992.0,386.43719
2023-06-02,390.08,393.96,389.54,393.26,7368902.0,108104.0,392.724897
2023-06-05,393.54,394.77,391.79,392.5,4011777.0,97722.0,393.385803
2023-06-06,392.05,393.79,391.41,393.31,2894665.0,68444.0,392.847548
2023-06-07,393.67,394.76,391.54,392.02,3942894.0,78836.0,392.546229
2023-06-08,391.96,394.73,391.29,394.37,3460353.0,58632.0,393.476341
2023-06-09,395.05,396.93,394.08,395.03,3062870.0,77458.0,395.385302
2023-06-12,395.98,398.685,395.3,398.66,3797246.0,96630.0,396.807311
2023-06-13,400.019,401.85,399.4,401.29,3913087.0,89392.0,400.83078
2023-06-14,401.61,403.436,398.46,401.6,5161279.0,102758.0,401.307038
2023-06-15,401.0,407.93,400.89,406.75,5284985.0,102549.0,405.414173
2023-06-16,408.69,408.76,404.89,405.25,5141885.0,107378.0,406.648054
2023-06-20,403.49,404.32,401.26,403.38,4246882.0,112310.0,403.273748
2023-06-21,402.31,403.06,400.67,401.17,3423544.0,82551.0,401.584812
2023-06-22,400.28,402.72,399.95,402.63,3141021.0,69874.0,401.606665
2023-06-23,399.33,401.28,398.93,399.61,4215307.0,98063.0,399.880502
2023-06-26,399.04,400.86,397.73,397.96,3250700.0,89388.0,398.947431
2023-06-27,398.8,402.93,398.39,402.37,4302363.0,82940.0,401.413852
2023-06-28,401.35,403.485,400.71,402.55,4320673.0,75670.0,401.854832
2023-06-29,400.6,402.67,400.19,402.51,3914850.0,79432.0,401.80224
2023-06-30,405.4,408.22,405.3,407.28,4899084.0,99872.0,407.107968
2023-07-03,406.92,408.06,406.68,408.06,2337854.0,68493.0,407.513494
2023-07-05,406.01,407.84,406.01,407.15,4234130.0,100925.0,407.181479
2023-07-06,403.78,404.35,401.56,403.83,6040271.0,123838.0,403.196622
2023-07-07,403.03,406.679,402.71,402.89,3673251.0,90433.0,404.555119
2023-07-10,402.63,404.11,402.06,403.97,3362279.0,89823.0,403.226694
2023-07-11,404.77,407.0,403.77,406.56,3181872.0,71418.0,405.298872
2023-07-12,410.19,411.13,408.79,409.76,4246361.0,89596.0,409.973714
2023-07-13,411.54,413.81,411.13,413.1,3273428.0,83458.0,412.366333
2023-07-14,413.94,414.71,412.08,412.77,3680947.0,106283.0,413.343594
2023-07-17,412.65,415.2495,412.63,414.21,2968268.0,97547.0,413.915629
2023-07-18,413.91,417.93,413.54,417.35,3597284.0,88441.0,416.243555
2023-07-19,418.07,419.37,417.49,418.25,3494917.0,84145.0,418.533575
2023-07-20,417.3,418.16,414.82,415.52,4084998.0,94456.0,416.663166
2023-07-21,417.11,417.3,415.48,415.57,3176714.0,77161.0,416.14571
2023-07-24,416.58,418.1,416.015,417.33,3471128.0,95987.0,417.215233
2023-07-25,417.08,419.65,417.0674,418.56,3949309.0,75471.0,418.414898
2023-07-26,417.62,419.89,416.58,418.66,6138837.0,93582.0,418.07406
2023-07-27,421.79,422.15,414.92,415.82,4149443.0,97247.0,418.861111
2023-07-28,418.93,420.62,418.16,419.87,2702729.0,77806.0,419.617927
2023-07-31,420.32,420.97,419.05,420.68,3454538.0,97324.0,420.064973
2023-08-01,419.26,420.08,418.55,419.38,3137277.0,90989.0,419.361788
2023-08-02,416.46,416.7,412.88,413.57,4979070.0,130112.0,414.614836
2023-08-03,411.68,414.19,411.09,412.4,3028199.0,94116.0,412.676063
2023-08-04,414.15,416.1285,410.03,410.38,5717268.0,102521.0,412.467966
2023-08-07,412.29,414.24,411.64,414.08,2597979.0,90316.0,413.056168
2023-08-08,411.76,412.74,409.125,412.29,3780088.0,103638.0,410.98909
2023-08-09,412.66,412.73,408.85,409.55,3145936.0,84751.0,410.80218
2023-08-10,411.8,415.05,408.62,409.79,4588326.0,87514.0,411.312489
2023-08-11,407.95,410.41,407.34,409.41,2918864.0,85543.0,409.041757
2023-08-14,408.56,411.74,408.31,411.72,2772914.0,77651.0,410.294724
2023-08-15,410.09,411.7125,406.41,407.0,4686121.0,95306.0,409.049829
2023-08-16,406.59,408.11,403.87,403.99,3353654.0,97758.0,405.90717
2023-08-17,405.33,405.58,400.37,400.72,7102506.0,107204.0,402.977765
2023-08-18,398.17,402.02,397.85,401.09,4158769.0,111617.0,399.941207
2023-08-21,402.14,404.39,399.99,403.74,3292436.0,96244.0,402.397793
2023-08-22,405.35,405.4,402.06,402.61,2648053.0,75928.0,403.250104
2023-08-23,403.56,407.67,403.47,406.95,3249966.0,68996.0,406.068474
2023-08-24,408.6,409.079,401.4,401.54,3458793.0,81649.0,404.573893
2023-08-25,403.08,405.8,399.71,404.2,4417837.0,92447.0,402.981152
2023-08-28,406.36,407.44,405.1,406.86,3236713.0,77866.0,406.342304
2023-08-29,406.78,412.98,406.57,412.64,3482666.0,79891.0,411.11297
2023-08-30,413.03,415.0292,412.4,414.36,3004518.0,71477.0,414.092135
2023-08-31,414.982,416.12,413.66,413.83,4751133.0,87262.0,414.842988
2023-09-01,416.46,416.88,413.21,414.71,3587972.0,95681.0,414.573257
2023-09-05,414.2,414.47,412.77,412.9,4426689.0,97090.0,413.478195
2023-09-06,412.1,412.13,407.83,410.05,3744070.0,106044.0,409.843743
2023-09-07,407.17,409.43,406.855,408.83,2245761.0,71141.0,408.347184
2023-09-08,408.82,410.84,408.49,409.39,4125225.0,73475.0,409.490635
2023-09-11,411.88,412.38,410.29,412.08,3346565.0,82226.0,411.534002
2023-09-12,410.7,412.15,409.29,409.87,7595298.0,70086.0,410.588168
2023-09-13,410.03,411.4,408.99,410.35,2530880.0,62533.0,410.465983
2023-09-14,412.67,414.51,411.42,413.9,3660903.0,71357.0,413.460103
2023-09-15,412.34,412.67,408.48,408.74,4004030.0,109990.0,409.987611
2023-09-18,408.58,410.34,408.16,409.19,3014573.0,84929.0,409.124421
2023-09-19,408.22,408.805,405.71,408.37,3629775.0,90468.0,407.359013
2023-09-20,409.46,409.84,404.33,404.55,4009417.0,91310.0,407.601457
2023-09-21,401.8,402.05,397.69,397.92,4633141.0,138169.0,400.107304
2023-09-22,398.795,400.326,396.555,396.96,7206530.0,119765.0,398.449552
2023-09-25,395.76,398.6392,395.37,398.61,3227902.0,93057.0,397.264352
2023-09-26,395.72,396.36,391.96,392.76,5734741.0,135472.0,393.701159
2023-09-27,393.84,394.39,389.45,392.85,4837703.0,113053.0,392.234306
2023-09-28,390.87,395.27,390.33,393.64,4065777.0,82270.0,393.204702
2023-09-29,396.62,396.74,391.3,392.7,5766586.0,105141.0,393.646636
2023-10-02,391.9,393.7599,389.97,392.67,5886155.0,138190.0,391.625567
2023-10-03,390.58,391.93,386.03,387.39,6886665.0,162023.0,388.053815
2023-10-04,387.73,390.85,386.4,390.24,4333742.0,105393.0,388.672883
2023-10-05,389.89,390.7889,386.95,389.91,3329093.0,81672.0,389.031397
2023-10-06,387.69,396.085,386.4104,394.56,4897221.0,100762.0,392.074331
2023-10-09,392.8,397.69,392.31,397.19,2959503.0,77875.0,394.879681
2023-10-10,397.77,401.68,397.3875,399.24,3289642.0,78359.0,399.721936
2023-10-11,400.27,401.09,397.99,400.93,4181786.0,78715.0,399.635109
2023-10-12,401.48,401.8,396.2,398.52,3872930.0,82774.0,399.275821
2023-10-13,399.81,400.96,394.96,396.42,3772221.0,92444.0,397.190504
2023-10-16,398.57,401.6,398.34,400.57,5150943.0,107255.0,400.457671
2023-10-17,397.63,402.5,397.3075,400.58,4214611.0,84725.0,400.066086
2023-10-18,398.89,399.81,394.22,395.22,7329263.0,123710.0,396.736667
2023-10-19,395.97,397.6,391.135,391.87,6708905.0,120082.0,394.160557
2023-10-20,391.38,391.82,386.84,386.99,7549616.0,145449.0,388.663699
2023-10-23,385.48,389.94,383.85,386.31,5537133.0,114264.0,387.20191
2023-10-24,388.28,390.26,386.55,389.2,4451515.0,84074.0,388.681493
2023-10-25,387.6,387.68,383.12,383.71,5471216.0,127697.0,384.792375
2023-10-26,382.63,383.3971,378.15,379.0,6959403.0,141983.0,380.331484
2023-10-27,380.53,380.89,375.945,377.32,5638753.0,125355.0,378.107815
2023-10-30,379.91,382.8,378.71,381.86,5795762.0,104931.0,381.012267
2023-10-31,382.35,384.48,380.56,384.17,4523162.0,84186.0,382.993536
2023-11-01,385.09,389.08,384.62,388.4,5549160.0,109682.0,386.899086
2023-11-02,391.93,395.9096,391.92,395.78,4752166.0,97078.0,394.353955
2023-11-03,397.92,400.85,397.84,399.44,5981437.0,101555.0,399.636714
2023-11-06,400.12,400.733,398.46,400.21,4007107.0,94992.0,399.717707
2023-11-07,400.26,402.04,399.23,401.34,3358580.0,72547.0,401.20449
2023-11-08,401.99,402.5026,399.56,401.67,3731860.0,81852.0,401.265001
2023-11-09,402.81,402.88,398.21,398.64,4145617.0,86959.0,400.264867
2023-11-10,400.59,405.109,399.14,404.86,3994441.0,86912.0,402.299722
2023-11-13,403.59,405.49,402.82,404.45,2872943.0,79850.0,404.247951
2023-11-14,410.04,413.51,409.8856,412.22,6973117.0,110745.0,412.208734
2023-11-15,413.54,414.72,412.37,413.12,4414809.0,95483.0,413.568505
2023-11-16,412.74,413.95,411.75,413.7,3798891.0,81464.0,412.942949
2023-11-17,413.94,414.79,412.87,414.31,4700141.0,79049.0,413.949352
2023-11-20,413.99,418.2,413.9799,417.43,3524414.0,97762.0,416.399914
2023-11-21,416.4,416.84,415.3,416.34,5248188.0,80507.0,416.287067
2023-11-22,418.07,419.31,417.06,418.14,3694066.0,81039.0,418.19311
2023-11-24,418.19,418.49,417.84,418.37,1351274.0,50237.0,418.159201
2023-11-27,417.79,418.5273,417.23,417.64,3632553.0,95391.0,417.908724
2023-11-28,417.25,419.25,416.71,418.05,3382443.0,78953.0,417.836421
2023-11-29,420.0594,421.12,417.365,417.78,4092620.0,86841.0,418.896087
2023-11-30,418.54,419.7,416.57,419.4,4405692.0,91370.0,417.96105
2023-12-01,418.83,422.37,418.25,421.86,4973627.0,107638.0,420.72095
2023-12-04,418.65,419.87,417.5,419.74,5806079.0,120875.0,419.061517
2023-12-05,418.34,420.47,418.0,419.61,3419283.0,86030.0,419.249683
2023-12-06,421.61,421.67,417.46,417.86,4201801.0,88841.0,419.438738
2023-12-07,419.81,421.67,419.28,421.13,3248251.0,73885.0,420.781448
2023-12-08,420.37,423.37,420.15,422.92,5125278.0,95935.0,422.186726
2023-12-11,422.41,424.71,422.22,424.56,5247086.0,103398.0,423.690945
2023-12-12,424.22,426.67,423.2739,426.67,5982557.0,106580.0,425.530807
2023-12-13,426.88,432.61,426.51,432.48,8659116.0,131381.0,429.710358
2023-12-14,434.22,435.3642,431.24,433.75,8349143.0,149577.0,433.792413
2023-12-15,433.19,434.25,432.24,433.09,5326041.0,118762.0,433.290487
2023-12-18,434.64,436.4,434.45,435.54,4280475.0,117072.0,435.588351
2023-12-19,436.04,438.22,435.95,438.19,4061508.0,88985.0,437.295861
2023-12-20,435.51,437.305,429.9,430.09,5783234.0,126297.0,434.528861
2023-12-21,433.13,434.64,430.8552,434.28,4621606.0,101265.0,433.240798
2023-12-22,435.46,436.838,433.48,435.29,4037829.0,101381.0,435.545357
2023-12-26,435.6656,437.92,435.58,437.1,3835837.0,106951.0,436.666078
2023-12-27,436.895,438.02,436.42,437.9,4271009.0,117982.0,437.206762
2023-12-28,438.25,438.84,437.66,437.97,4703655.0,108709.0,438.295552
2023-12-29,437.87,438.34,434.94,436.8,4376885.0,124185.0,436.657984
2024-01-02,433.91,435.27,432.36,434.01,9076041.0,177927.0,433.829984
2024-01-03,432.32,433.0,430.25,430.79,4805049.0,145792.0,431.675515
2024-01-04,430.33,432.78,429.21,429.43,3945259.0,115373.0,430.896271
2024-01-05,429.59,432.3,428.64,429.98,5724608.0,134283.0,430.473513
2024-01-08,430.45,436.27,430.37,436.13,7222362.0,147943.0,433.516564
2024-01-09,433.62,436.43,433.1633,435.07,7939567.0,121691.0,435.104752
2024-01-10,435.77,438.735,435.48,437.94,4278841.0,102446.0,437.093963
2024-01-11,438.94,439.355,434.0,437.79,4796587.0,116527.0,436.44652
2024-01-12,439.11,439.8,436.73,437.99,5182669.0,110182.0,437.96005
2024-01-16,436.79,437.98,434.74,436.5,5730839.0,165650.0,436.339975
2024-01-17,433.6,434.48,431.81,434.07,6044611.0,148835.0,433.405754
2024-01-18,435.58,438.39,434.16,437.93,4331285.0,111051.0,436.140454
2024-01-19,439.0,443.61,438.31,443.29,4836802.0,125770.0,441.148807
2024-01-22,444.77,445.92,443.68,444.3,5870412.0,146464.0,444.671927
2024-01-23,444.83,445.82,443.78,445.62,3251586.0,96644.0,444.726186
2024-01-24,448.32,449.1896,445.75,445.99,4568204.0,115930.0,447.612188
2024-01-25,448.14,448.76,446.11,448.5,4167055.0,106625.0,447.619143
2024-01-26,448.1,449.51,447.16,448.23,6404023.0,112830.0,448.197308
2024-01-29,448.23,451.6098,447.7112,451.49,4543252.0,132527.0,449.55881
2024-01-30,450.84,451.81,450.44,451.17,3409953.0,104988.0,451.156303
2024-01-31,449.04,449.465,443.75,443.82,7108043.0,170751.0,446.400596
2024-02-01,445.35,449.66,444.6502,449.66,6138360.0,141995.0,447.478799
2024-02-02,450.01,455.88,449.69,454.28,6253482.0,141695.0,453.435153
2024-02-05,453.73,454.15,450.54,452.62,7101857.0,159995.0,452.731626
2024-02-06,453.58,454.29,452.21,454.03,4383601.0,118634.0,453.083203
2024-02-07,456.15,458.18,455.27,457.76,6763415.0,112993.0,457.278002
2024-02-08,457.81,458.33,457.03,458.07,4184592.0,102822.0,457.723979
2024-02-09,458.54,461.03,458.17,460.67,4002594.0,113016.0,459.714493
2024-02-12,460.61,462.74,459.75,460.46,4564233.0,135462.0,461.032122
2024-02-13,454.48,455.7,450.995,453.97,8152242.0,196159.0,453.659154
2024-02-14,456.575,458.67,454.4,458.29,5624009.0,123470.0,456.744863
2024-02-15,458.9,461.54,458.43,461.39,5695711.0,115710.0,460.365797
2024-02-16,461.08,462.15,458.4,459.03,5527893.0,137679.0,460.171064
2024-02-20,457.44,458.06,454.43,456.51,5306784.0,184402.0,456.134479
2024-02-21,455.32,457.12,453.6,456.97,4223078.0,132006.0,455.447297
2024-02-22,463.22,467.33,462.315,466.57,4328536.0,125781.0,465.093768
2024-02-23,468.09,468.87,466.0907,466.78,4050621.0,123243.0,467.492396
2024-02-26,467.19,467.59,464.94,465.07,3450804.0,140126.0,466.234992
2024-02-27,465.71,466.12,463.91,465.93,3588026.0,111266.0,465.260335
2024-02-28,464.49,465.83,464.11,465.21,2800602.0,110922.0,464.994121
2024-02-29,466.97,468.49,464.47,466.93,7332921.0,136664.0,466.863458
2024-03-01,467.83,471.77,467.43,471.43,4839421.0,156316.0,470.215777
2024-03-04,470.61,472.6,470.6,470.87,3970242.0,167282.0,471.284497
2024-03-05,468.95,469.38,464.06,466.15,4616503.0,181696.0,466.649835
2024-03-06,469.25,470.66,467.3199,468.62,5325050.0,136274.0,468.902044
2024-03-07,471.63,474.19,470.78,473.26,7149802.0,131341.0,473.021032
2024-03-08,473.77,476.2994,469.82,470.39,6285625.0,170241.0,472.634064
2024-03-11,469.2,470.455,467.39,470.0,5323866.0,172459.0,469.24885
2024-03-12,471.92,475.55,469.57,475.03,4811036.0,123577.0,473.550479
2024-03-13,475.31,475.47,472.9,474.31,3544526.0,116832.0,474.613692
2024-03-14,475.16,475.325,470.45,473.27,5152980.0,140983.0,472.928425
2024-03-15,470.41,471.7814,468.7201,470.01,6807087.0,173702.0,470.136721
2024-03-18,473.95,475.279,472.5,472.95,3939105.0,139513.0,473.986371
2024-03-19,472.2,475.74,471.29,475.6,4550248.0,119775.0,473.883692
2024-03-20,475.54,480.02,474.93,479.75,6179356.0,140026.0,477.124785
2024-03-21,482.62,483.235,481.21,481.35,5044680.0,132713.0,482.357598
2024-03-22,479.87,480.32,478.82,479.18,5881503.0,137126.0,479.551884
2024-03-25,477.73,478.79,477.55,477.94,6081277.0,156759.0,478.156899
2024-03-26,479.06,479.37,476.43,476.6,8073502.0,129218.0,478.024998
2024-03-27,479.51,480.87,477.45,480.76,4951429.0,126974.0,478.782302
2024-03-28,480.87,482.1598,480.5034,480.7,4065018.0,139626.0,481.125063
2024-04-01,481.44,481.96,478.83,480.07,5733960.0,234692.0,480.249482
2024-04-02,476.33,476.99,474.71,476.93,4817822.0,192613.0,475.949489
2024-04-03,475.84,478.802,475.79,477.36,6224812.0,140379.0,477.967115
2024-04-04,481.2,481.48,471.27,471.48,6871190.0,174801.0,477.147304
2024-04-05,472.85,478.33,472.42,476.49,5588160.0,153436.0,475.825573
2024-04-08,477.15,478.07,475.97,476.68,4736778.0,149245.0,476.888227
2024-04-09,478.38,478.6,472.74,477.27,5254191.0,141693.0,475.798229
2024-04-10,471.91,474.39,470.67,472.65,6933388.0,204600.0,472.313001
2024-04-11,473.98,477.43,470.67,476.06,5109901.0,125632.0,473.846377
2024-04-12,472.77,474.05,467.91,469.57,6957048.0,216293.0,470.169061
2024-04-15,473.47,473.59,462.85,463.61,9530044.0,259727.0,468.258787
2024-04-16,464.05,465.51,461.59,462.78,6761419.0,184816.0,463.361215
2024-04-17,465.11,465.24,458.73,459.99,7156229.0,186310.0,461.402923
2024-04-18,461.36,463.3,458.21,458.94,5637286.0,153736.0,460.359296
2024-04-19,458.99,459.94,453.9,455.1,9787454.0,211097.0,455.973385
2024-04-22,457.55,461.7299,455.35,459.05,5818088.0,177236.0,458.377113
2024-04-23,461.18,465.13,460.67,464.84,4257400.0,118865.0,463.80492
2024-04-24,465.57,466.31,462.44,464.5,7687837.0,133692.0,464.447487
2024-04-25,458.77,463.46,457.26,462.58,4876228.0,142218.0,460.224865
2024-04-26,465.33,468.63,464.81,467.21,4907113.0,120469.0,467.427222
2024-04-29,468.84,469.42,466.21,468.84,3253205.0,136834.0,468.469654
2024-04-30,467.42,468.34,461.36,461.43,4364836.0,145586.0,465.040883
2024-05-01,460.77,467.07,459.44,459.93,6115377.0,180102.0,461.898873
2024-05-02,463.36,464.95,459.16,464.22,3972424.0,127221.0,462.602795
2024-05-03,469.76,471.0,467.4401,469.98,4586859.0,134040.0,469.414619
2024-05-06,472.22,474.81,471.82,474.72,4782542.0,139266.0,473.18235
2024-05-07,475.7,476.64,474.71,475.4,3451302.0,115060.0,475.703613
2024-05-08,473.59,475.86,473.5,475.42,3214878.0,106251.0,475.059054
2024-05-09,475.59,478.15,474.94,478.15,3486049.0,98824.0,477.129045
2024-05-10,479.69,480.39,477.59,478.74,3347159.0,121932.0,478.852042
2024-05-13,480.35,480.42,477.73,478.77,3108442.0,133632.0,478.98627
2024-05-14,478.98,481.47,478.48,481.04,3257724.0,110968.0,479.887809
2024-05-15,483.34,487.23,482.735,486.9,4399485.0,135978.0,485.207567
2024-05-16,487.05,488.57,485.83,485.97,3347381.0,123565.0,487.237797
2024-05-17,486.09,486.73,484.7,486.69,3274035.0,119548.0,486.101946
2024-05-20,486.78,488.6099,486.45,487.17,2599585.0,134141.0,487.558136
2024-05-21,486.53,488.58,486.35,488.48,2453576.0,99942.0,487.55861
2024-05-22,487.79,488.43,484.94,487.06,3250581.0,113571.0,487.217554
2024-05-23,489.91,489.99,482.29,483.44,3811307.0,131203.0,485.972793
2024-05-24,485.18,487.4,484.33,486.73,2555241.0,103646.0,486.208066
2024-05-28,487.4,487.645,484.525,487.12,4034716.0,162555.0,486.511252
2024-05-29,483.19,484.68,482.96,483.69,5604961.0,138417.0,483.811169
2024-05-30,482.12,482.7504,479.2,480.44,3393589.0,138028.0,481.424194
2024-05-31,481.24,484.91,476.475,484.62,5333971.0,154871.0,480.673293
2024-06-03,486.3,486.41,480.4,485.15,4211256.0,185981.0,484.115689
2024-06-04,484.0,486.41,482.56,485.74,2560269.0,120866.0,484.385642
2024-06-05,487.87,491.55,486.06,491.55,3026146.0,120132.0,489.150155
2024-06-06,491.84,492.18,489.6401,491.44,21343964.0,113344.0,491.193109
2024-06-07,490.55,493.53,489.54,490.8,3063587.0,109334.0,491.502799
2024-06-10,490.17,492.69,489.56,492.41,3465222.0,143989.0,491.370349
2024-06-11,490.99,493.66,489.109,493.53,4028423.0,124337.0,491.600253
2024-06-12,497.93,500.15,496.71,497.64,3698787.0,129665.0,498.60622
2024-06-13,499.3,499.45,496.06,498.58,8808879.0,139622.0,498.079032
2024-06-14,497.26,499.04,496.29,498.98,5812046.0,142334.0,498.136833
2024-06-17,498.48,504.18,497.91,502.94,4609539.0,162802.0,501.612417
2024-06-18,503.05,504.3552,502.63,504.28,3431665.0,126929.0,503.521708
2024-06-20,505.14,505.74,501.19,502.88,4810867.0,168970.0,503.620911
2024-06-21,502.1,503.2157,500.85,501.78,4347838.0,139594.0,502.149312
2024-06-24,502.03,504.4395,500.43,500.43,7022844.0,156907.0,501.844356
2024-06-25,501.71,502.83,500.32,502.51,6336724.0,135728.0,501.646155
2024-06-26,501.47,503.77,500.89,503.07,3202700.0,116644.0,502.175191
2024-06-27,503.0,504.48,502.32,503.85,3619655.0,116719.0,503.307846
2024-06-28,502.97,505.73,499.01,500.13,5585210.0,153397.0,502.004648
2024-07-01,501.49,501.6799,498.6,501.28,4368526.0,194821.0,500.673583
2024-07-02,499.69,504.61,499.61,504.53,4210083.0,135119.0,502.006247
2024-07-03,504.22,507.14,504.22,506.81,2131086.0,113680.0,505.51191
2024-07-05,507.13,510.1,506.49,509.84,3156922.0,164064.0,508.540659
2024-07-08,510.5,511.205,509.32,510.33,3143379.0,182039.0,510.2529
2024-07-09,511.21,512.01,510.54,510.89,3145823.0,136208.0,511.198088
2024-07-10,511.98,516.185,511.69,515.81,3446923.0,139527.0,513.681127
2024-07-11,516.0,516.79,510.825,511.39,5546308.0,184733.0,512.684563
2024-07-12,512.49,518.03,512.17,514.55,5238170.0,168202.0,515.779616
2024-07-15,516.58,519.12,514.34,516.11,7771524.0,200814.0,516.645192
2024-07-16,517.33,519.4,516.6,519.04,4164300.0,164872.0,517.787334
2024-07-17,513.56,515.11,511.56,511.79,4984306.0,210683.0,512.803777
2024-07-18,513.25,514.19,505.871,507.94,5055850.0,214937.0,509.492381
2024-07-19,507.64,509.2,503.56,504.55,4039437.0,186532.0,505.678264
2024-07-22,508.27,510.32,506.44,509.79,4342929.0,194590.0,508.856575
2024-07-23,509.66,511.65,508.49,508.94,3116045.0,131166.0,510.18574
2024-07-24,504.43,504.7,496.545,497.29,6157402.0,248257.0,500.047157
2024-07-25,497.55,503.14,493.92,494.78,5646601.0,191425.0,498.228986
2024-07-26,498.36,502.885,497.67,500.33,3635984.0,141847.0,499.900885
2024-07-29,501.82,502.765,498.7746,500.7,3096178.0,148304.0,501.151375
2024-07-30,502.05,503.01,494.915,498.08,3817800.0,156526.0,498.674754
2024-07-31,504.48,508.6532,503.305,505.93,5367587.0,141079.0,505.998525
2024-08-01,507.84,509.9,495.75,499.03,6939217.0,235812.0,501.451755
2024-08-02,492.41,493.52,485.8,489.91,8561166.0,336226.0,488.939626
2024-08-05,470.17,481.18,468.89,475.2,15244276.0,484919.0,475.335094
2024-08-06,477.39,486.86,475.94,479.94,8255040.0,255773.0,481.671636
2024-08-07,485.7,488.55,476.11,476.61,5976351.0,204313.0,483.01093
2024-08-08,481.49,488.27,479.64,487.73,4177234.0,141038.0,485.235937
2024-08-09,486.93,491.21,485.82,489.82,7661331.0,148843.0,488.961751
2024-08-12,490.94,492.35,487.98,490.07,3578134.0,154009.0,490.134525
2024-08-13,493.14,498.38,492.92,498.21,3247887.0,126607.0,496.127212
2024-08-14,498.92,500.85,496.478,499.8,3700503.0,128910.0,499.136461
2024-08-15,505.09,508.59,504.4857,508.38,4278953.0,134897.0,506.883109
2024-08-16,506.84,510.11,506.65,509.45,3449286.0,131678.0,508.626174
2024-08-19,509.86,514.35,509.06,514.35,3804313.0,156414.0,511.82789
2024-08-20,513.92,515.4799,512.25,513.5,3155981.0,130597.0,513.587728
2024-08-21,514.47,516.6599,512.85,515.3,3344050.0,117274.0,514.652559
2024-08-22,517.05,517.63,510.1,511.13,3677087.0,132825.0,513.060776
2024-08-23,514.33,517.55,512.2521,516.66,5102791.0,136810.0,515.297631
2024-08-26,517.64,518.29,513.875,515.39,3398640.0,157108.0,515.83383
2024-08-27,514.26,516.59,513.16,516.08,3031778.0,108867.0,515.551333
2024-08-28,515.8,516.23,510.16,513.13,3940428.0,140654.0,513.403072
2024-08-29,514.99,518.09,512.13,513.21,3487145.0,121026.0,515.177862
2024-08-30,515.42,518.58,512.12,518.04,5637725.0,140934.0,515.90454
2024-09-03,515.12,515.43,505.1,507.56,5866441.0,280796.0,510.341984
2024-09-04,505.68,509.53,505.02,506.3,3601373.0,172606.0,506.855639
2024-09-05,506.36,508.94,502.84,505.05,3425569.0,146910.0,505.358013
2024-09-06,505.34,506.94,495.8,496.64,7411439.0,260618.0,498.348139
2024-09-09,500.6,503.37,498.75,502.23,3656797.0,158800.0,501.238071
2024-09-10,503.95,504.705,499.4997,504.3,2975385.0,124444.0,502.945459
2024-09-11,504.31,510.44,496.25,509.46,4945832.0,166393.0,503.389551
2024-09-12,510.09,514.1398,508.06,513.84,4099538.0,125635.0,511.376699
2024-09-13,514.43,517.53,514.23,516.57,4416641.0,133471.0,516.234669
2024-09-16,516.34,517.59,514.65,517.35,4256253.0,150027.0,516.364243
2024-09-17,519.44,520.735,515.5,517.59,8149957.0,143543.0,518.296665
2024-09-18,518.18,522.73,515.47,515.91,6921278.0,163638.0,518.21445
2024-09-19,524.88,526.6,522.19,524.91,5558371.0,144884.0,524.968059
2024-09-20,523.51,524.92,521.12,523.88,5612678.0,140023.0,523.38853
2024-09-23,525.0,525.83,523.83,525.17,29289155.0,147877.0,524.980451
2024-09-24,526.01,526.84,523.38,526.68,4650608.0,128331.0,525.738338
2024-09-25,526.61,527.3,524.65,525.61,35418049.0,130824.0,525.951255
2024-09-26,529.67,529.92,525.49,527.7,5273915.0,116954.0,527.658025
2024-09-27,527.09,527.77,524.32,525.38,5598594.0,139967.0,526.186667
2024-09-30,524.32,527.955,522.19,527.67,8017349.0,193599.0,525.534459
2024-10-01,527.04,527.1,520.23,522.74,9198657.0,234228.0,522.767444
2024-10-02,521.85,523.85,519.5801,522.83,3270583.0,146795.0,522.507698
2024-10-03,521.56,523.755,519.82,521.84,4007952.0,140544.0,521.278778
2024-10-04,526.16,527.02,522.3,526.65,5358175.0,149629.0,525.131768
2024-10-07,525.14,525.7201,520.81,521.91,3970505.0,194083.0,523.681692
2024-10-08,524.32,527.38,523.5,526.85,2626667.0,100800.0,525.67435
2024-10-09,526.87,531.03,526.31,530.45,2941785.0,124900.0,529.186101
2024-10-10,529.27,530.9,528.09,529.56,3637633.0,131332.0,529.41477
2024-10-11,529.5,533.43,529.39,532.71,5429168.0,133458.0,532.42476
2024-10-14,534.25,537.98,533.97,537.07,2638929.0,149940.0,536.224931
2024-10-15,537.38,537.61,531.82,532.98,4811330.0,185078.0,534.609719
2024-10-16,532.93,535.73,532.215,535.22,3237216.0,134855.0,534.083927
2024-10-17,538.62,538.76,535.15,535.3,3225297.0,132028.0,536.432464
2024-10-18,536.9,538.1,535.56,537.36,5070412.0,138821.0,537.125141
2024-10-21,536.72,537.61,533.71,536.53,3671431.0,178413.0,535.843538
2024-10-22,534.11,537.28,533.47,536.16,3366595.0,131824.0,535.441789
2024-10-23,534.28,534.72,528.02,531.27,5227754.0,186090.0,531.489967
2024-10-24,533.17,533.18,530.04,532.47,4477762.0,128400.0,532.3592
2024-10-25,534.65,537.2601,531.414,532.26,4327190.0,149283.0,534.364568
2024-10-28,535.53,535.57,533.6708,533.92,3407971.0,160523.0,534.483223
2024-10-29,533.12,535.82,531.75,534.77,3027611.0,134190.0,534.316381
2024-10-30,534.35,536.2,532.59,533.16,3067015.0,136187.0,534.366013
2024-10-31,529.09,529.23,522.51,522.67,7972774.0,268947.0,525.287103
2024-11-01,525.16,529.08,524.5401,524.94,6106942.0,192033.0,526.133639
2024-11-04,525.06,526.28,522.0301,523.8,3681461.0,202218.0,524.484756
2024-11-05,524.72,530.17,524.48,530.1,3300279.0,117813.0,528.273309
2024-11-06,541.65,544.14,538.17,543.3,7483337.0,232422.0,541.455759
2024-11-07,545.22,548.475,545.15,547.53,6051276.0,191908.0,546.826971
2024-11-08,548.07,551.24,548.06,549.95,6797976.0,180046.0,549.72333
2024-11-11,551.43,551.73,548.85,550.4,4893129.0,185707.0,550.557928
2024-11-12,550.39,550.94,546.43,548.75,4818613.0,146258.0,549.155372
2024-11-13,549.16,550.88,546.97,549.03,3701570.0,137810.0,549.352443
2024-11-14,549.1,549.57,544.88,545.54,3940282.0,136240.0,547.328888
2024-11-15,542.13,542.57,536.75,538.5,7360114.0,238463.0,538.872359
2024-11-18,538.92,541.93,538.145,540.73,4504246.0,178078.0,540.277871
2024-11-19,537.5,543.37,536.9,542.7,6978373.0,136341.0,541.135809
2024-11-20,542.78,543.07,537.44,542.9,3944235.0,134954.0,540.704415
2024-11-21,545.58,547.07,540.04,545.64,4530619.0,122548.0,544.03058
2024-11-22,545.82,548.0496,545.37,547.47,5574588.0,129362.0,547.064967
2024-11-25,551.2,552.38,547.1999,549.23,4305001.0,164827.0,549.794478
2024-11-26,550.5,552.8199,549.85,552.31,4438574.0,124989.0,551.350924
2024-11-27,552.04,552.38,549.11,550.55,3312219.0,133236.0,550.733768
2024-11-29,551.29,554.7,551.07,553.45,3988727.0,116494.0,553.359858
2024-12-02,554.36,555.57,553.89,555.01,5441011.0,205788.0,554.834015
2024-12-03,554.8,555.4301,553.79,555.14,4202906.0,148429.0,554.853512
2024-12-04,556.83,558.88,556.171,558.64,5490321.0,143859.0,557.481648
2024-12-05,558.63,559.41,557.46,557.71,3021561.0,141502.0,558.424341
2024-12-06,558.47,559.96,558.08,558.82,5134880.0,148568.0,558.901077
2024-12-09,558.71,558.865,555.38,555.91,4412276.0,197974.0,556.869399
2024-12-10,556.58,556.88,553.57,554.33,4110113.0,148292.0,555.361439
2024-12-11,556.92,559.39,556.66,558.53,3514417.0,122469.0,558.38799
2024-12-12,557.67,558.2,555.62,555.65,4048602.0,128272.0,557.073639
2024-12-13,557.51,558.16,554.2044,555.61,4666863.0,149562.0,555.774233
2024-12-16,557.13,558.7983,556.415,557.79,22846779.0,180127.0,557.782385
2024-12-17,555.47,556.385,554.29,555.45,6110880.0,167305.0,555.400124
2024-12-18,555.3,557.53,538.53,539.14,24584930.0,262151.0,549.148188
2024-12-19,543.69,545.1,538.65,538.94,16792125.0,282832.0,541.596298
2024-12-20,536.61,549.54,535.85,545.04,9389413.0,221960.0,543.933175
2024-12-23,543.31,547.36,540.32,547.19,7063355.0,180158.0,544.359473
2024-12-24,548.06,552.9,547.54,552.82,3439250.0,108283.0,550.350149
2024-12-26,551.2,553.97,549.9201,552.81,4496268.0,153538.0,552.516181
2024-12-27,549.37,549.62,543.2001,547.08,7077135.0,248714.0,546.170315
2024-12-30,540.56,544.09,537.4,540.99,6505089.0,261763.0,541.112621
2024-12-31,542.45,543.0651,537.4001,538.81,6040750.0,202441.0,539.683101
2025-01-02,542.02,543.5399,533.795,537.46,7142698.0,302469.0,538.220204
2025-01-03,540.19,544.88,539.2,544.4,6419663.0,192910.0,543.139001
2025-01-06,548.28,551.43,545.82,547.57,5983435.0,233409.0,548.796068
2025-01-07,549.32,549.6,539.56,541.41,5383235.0,225432.0,543.958568
2025-01-08,541.32,543.0,538.08,542.14,4316999.0,173771.0,540.831969
2025-01-10,538.71,538.75,532.0,533.89,7935202.0,341841.0,534.938899
2025-01-13,529.4,534.91,529.02,534.58,5621011.0,242916.0,531.753461
2025-01-14,537.32,537.9064,531.8149,535.26,8820003.0,171972.0,535.245044
2025-01-15,542.84,546.13,541.76,545.05,5307318.0,155912.0,544.399863
2025-01-16,546.35,546.51,543.39,544.24,3632752.0,145195.0,545.060112
2025-01-17,548.92,551.12,547.68,549.46,6558651.0,169745.0,549.829722
2025-01-21,552.32,554.46,550.5,554.46,5301678.0,216051.0,552.96435
2025-01-22,557.19,558.9299,556.73,557.61,4780036.0,171467.0,557.994339
2025-01-23,557.04,560.7,556.8,560.7,6217878.0,141695.0,558.335163
2025-01-24,560.76,561.66,558.02,559.01,3612141.0,167287.0,559.859374
2025-01-27,546.93,551.39,546.83,551.23,7617385.0,341928.0,549.388341
2025-01-28,552.3,556.65,549.22,555.85,4164674.0,165216.0,554.239138
2025-01-29,555.17,555.5,550.9701,553.41,4174471.0,147318.0,553.869602
2025-01-30,555.37,557.78,552.38,556.3,4296538.0,135612.0,555.481426
2025-01-31,558.62,560.89,552.71,553.33,6243322.0,196247.0,556.667916
2025-02-03,544.99,551.9599,542.98,549.7,7795917.0,327170.0,547.984532
2025-02-04,549.7,553.83,549.23,553.35,4142040.0,154531.0,551.986482
2025-02-05,552.34,555.73,550.41,555.62,3424184.0,144974.0,553.642002
2025-02-06,557.29,557.65,554.19,557.62,3606299.0,137116.0,556.526671
2025-02-07,558.1,559.2,551.795,552.2,10085646.0,227016.0,553.912847
2025-02-10,555.44,556.7755,554.24,556.15,3514094.0,170271.0,555.810261
2025-02-11,554.1,557.115,553.99,556.65,2752923.0,125013.0,555.676932
2025-02-12,551.0,555.915,550.39,554.81,3579483.0,153254.0,553.711899
2025-02-13,555.87,560.88,554.695,560.67,3388498.0,134429.0,558.245459
2025-02-14,560.9,561.86,560.07,560.69,3380570.0,154947.0,561.010347
2025-02-18,561.8,562.31,559.49,562.31,3844905.0,232626.0,561.085974
2025-02-19,561.02,563.92,560.531,563.67,3846139.0,151103.0,562.226469
2025-02-20,562.39,562.4845,558.22,561.3,4446782.0,181188.0,560.369273
2025-02-21,561.1,561.2,551.265,551.75,6148694.0,271066.0,555.274086
2025-02-24,553.61,554.51,548.5133,549.14,4772255.0,245065.0,551.167935
2025-02-25,549.18,549.77,542.1684,546.41,5491494.0,247192.0,545.890956
2025-02-26,548.01,551.345,544.25,546.75,4180803.0,171141.0,547.931999
2025-02-27,548.83,549.88,537.6,537.97,5521351.0,232477.0,543.640924
2025-02-28,538.42,546.89,535.58,546.33,7328051.0,244041.0,540.292528
2025-03-03,548.2,549.29,533.251,536.92,7289998.0,332010.0,541.150638
2025-03-04,533.06,538.2799,526.16,530.45,10477435.0,369049.0,530.982534
2025-03-05,530.25,537.7901,526.93,536.4,6221745.0,226549.0,532.65954
2025-03-06,529.19,533.43,524.22,526.67,7228926.0,295787.0,527.732906
2025-03-07,524.9,530.88,520.13,529.51,7308280.0,255737.0,526.000077
2025-03-10,521.9,523.7,510.83,515.51,11176891.0,499918.0,517.087566
2025-03-11,514.33,517.5299,507.53,511.28,11208914.0,340790.0,512.579495
2025-03-12,516.89,517.74,509.1,513.76,8590555.0,242893.0,514.339996
2025-03-13,513.51,514.06,505.42,507.05,21649997.0,256372.0,508.879058
2025-03-14,511.28,518.42,510.84,517.46,7412261.0,212421.0,515.415127
2025-03-17,517.45,523.84,517.08,521.41,6269843.0,235647.0,520.478289
2025-03-18,519.32,519.52,514.0708,515.91,6010598.0,183556.0,516.125294
2025-03-19,517.54,524.96,516.4191,521.33,5373949.0,145306.0,520.151255
2025-03-20,517.96,524.615,517.32,520.13,6029737.0,156173.0,520.889859
2025-03-21,515.79,520.95,514.655,520.26,5059011.0,173161.0,517.40904
2025-03-24,526.48,530.39,525.88,529.39,22376267.0,190675.0,528.45294
2025-03-25,530.59,531.6,529.11,530.65,6260199.0,151252.0,530.354791
2025-03-26,530.56,531.41,523.1,524.46,4429626.0,160622.0,526.552245
2025-03-27,521.29,524.678,519.23,521.21,5534928.0,130590.0,522.10091
2025-03-28,519.76,520.46,510.16,510.8,5831793.0,274293.0,513.374019
2025-03-31,505.31,515.33,502.64,513.91,8196668.0,271106.0,508.457473
2025-04-01,512.36,517.35,508.88,515.8,7697017.0,233276.0,513.15849
2025-04-02,510.14,521.49,509.9298,518.91,6308643.0,188469.0,516.857712
2025-04-03,501.0,503.66,493.5,494.16,16226023.0,658482.0,498.22879
2025-04-04,481.28,483.3,464.24,465.52,30965286.0,887596.0,472.028337
2025-04-07,449.54,480.76,442.8,463.56,31285267.0,790497.0,459.248479
2025-04-08,479.68,482.49,449.6,456.74,19000267.0,525457.0,467.167305
2025-04-09,453.49,502.0612,453.16,499.1,29281001.0,595300.0,478.391808
2025-04-10,489.15,490.3,468.33,482.06,16651303.0,407013.0,482.200517
2025-04-11,480.69,493.0,478.0,490.55,11541195.0,269094.0,486.705958
2025-04-14,500.05,500.26,490.69,495.48,7701488.0,247662.0,496.257077
2025-04-15,496.03,499.27,493.42,494.09,8200583.0,188693.0,495.704132
2025-04-16,488.65,491.765,478.23,483.23,6374869.0,234678.0,485.795851
2025-04-17,484.79,488.16,481.5,483.9,5638839.0,155881.0,485.170536
2025-04-21,479.02,479.49,467.33,472.37,7762501.0,371603.0,472.084469
2025-04-22,478.07,486.48,477.19,484.29,6235965.0,172772.0,481.661292
2025-04-23,496.69,501.18,490.7,492.07,8047601.0,209430.0,496.177812
2025-04-24,493.26,503.0,492.2231,502.41,6184333.0,153133.0,499.829572
2025-04-25,502.44,506.52,499.75,506.11,6933423.0,164818.0,503.896456
2025-04-28,506.81,508.74,500.96,506.42,4210016.0,177183.0,505.4811
2025-04-29,504.54,510.5497,504.26,509.49,6525457.0,135945.0,507.99184
2025-04-30,503.26,511.5,497.76,509.74,7873686.0,194081.0,504.755319
2025-05-01,515.13,518.44,512.77,513.35,5784483.0,173860.0,515.759491
2025-05-02,519.12,522.41,516.89,520.71,6285390.0,183426.0,520.4684
2025-05-05,517.08,520.85,516.27,517.99,4793497.0,179198.0,518.587693
2025-05-06,512.89,517.825,511.94,513.58,4694270.0,144983.0,514.526416
2025-05-07,514.92,518.18,511.1,515.9,5467344.0,159602.0,514.820592
2025-05-08,519.54,524.23,516.345,519.34,5088200.0,152811.0,520.831848
2025-05-09,520.69,521.6306,517.36,518.65,4739506.0,152470.0,519.229109
2025-05-12,534.5,535.92,530.39,535.92,7793576.0,244583.0,533.634426
2025-05-13,536.33,541.48,535.78,539.44,7356804.0,199979.0,539.743796
2025-05-14,540.37,541.42,538.24,540.11,5031301.0,163540.0,540.004013
2025-05-15,538.26,543.2489,537.84,542.76,7362193.0,158275.0,541.011718
2025-05-16,543.47,546.47,541.7,546.26,7255342.0,169831.0,544.294143
2025-05-19,540.63,547.45,540.58,546.82,7766058.0,190841.0,544.93926
2025-05-20,545.22,546.06,541.99,544.88,7158205.0,150249.0,544.507319
2025-05-21,540.91,544.6905,534.82,535.77,6339491.0,202766.0,539.757395
2025-05-22,535.6,539.225,534.44,536.02,5816572.0,154559.0,537.100756
2025-05-23,529.43,534.8099,529.11,532.4,6455875.0,199061.0,531.680136
2025-05-27,538.72,543.52,537.18,543.34,6118091.0,207241.0,541.038138
2025-05-28,543.79,544.9,539.61,540.24,4910507.0,155266.0,542.331437
2025-05-29,545.15,545.28,538.74,542.32,4668939.0,148264.0,542.229172
2025-05-30,541.35,543.39,536.16,541.76,6171491.0,180605.0,540.746748
2025-06-02,540.25,544.91,537.8,544.91,5933526.0,216263.0,542.478458
2025-06-03,544.53,548.87,544.09,548.0,4993615.0,158020.0,546.951479
2025-06-04,548.75,549.65,547.4426,547.65,4543355.0,153860.0,548.778638
2025-06-05,549.48,550.63,543.3375,545.09,6387510.0,182205.0,547.302253
2025-06-06,550.3,552.32,548.6999,550.66,4735972.0,159718.0,550.938423
2025-06-09,551.3,552.7,550.2,551.25,4516381.0,184992.0,551.60223
2025-06-10,551.78,554.74,550.74,554.39,5984087.0,156809.0,553.01377
2025-06-11,555.41,556.225,550.91,552.86,20800557.0,164456.0,553.977997
2025-06-12,551.6,555.0,551.1322,554.95,8422943.0,144973.0,553.655808
2025-06-13,550.24,553.245,547.41,548.77,7100626.0,233843.0,550.148025
2025-06-16,551.94,555.69,551.87,554.07,7421327.0,186847.0,553.990388
2025-06-17,551.79,553.16,548.635,549.35,4753344.0,162390.0,550.951482
2025-06-18,550.16,552.71,548.39,549.24,4602329.0,140472.0,550.798642
2025-06-20,551.72,552.72,546.62,547.72,9978477.0,192620.0,548.785847
2025-06-23,548.66,553.7,545.75,553.36,9820188.0,197109.0,550.768754
2025-06-24,557.18,560.43,556.37,559.44,6770036.0,163420.0,559.052094
2025-06-25,560.52,561.02,558.34,559.72,16472305.0,153719.0,559.773148
2025-06-26,561.52,564.55,560.96,564.15,6081444.0,148082.0,563.186228
2025-06-27,565.11,568.33,563.21,566.95,6056524.0,181060.0,566.449257
2025-06-30,567.5,569.15,565.375,568.03,5750571.0,220678.0,567.214575
2025-07-01,566.56,568.8,565.8,567.77,7412742.0,207583.0,567.547927
2025-07-02,567.37,570.34,566.81,570.29,6164018.0,170299.0,568.821985
2025-07-03,572.18,575.67,572.13,575.22,4836910.0,155205.0,574.630326
2025-07-07,573.0,573.59,567.98,570.61,6417829.0,312696.0,571.258232
2025-07-08,571.15,571.83,569.48,570.23,6944624.0,190645.0,570.516264
2025-07-09,572.46,574.26,570.76,573.61,7156477.0,161587.0,572.789886
2025-07-10,573.78,576.26,572.7,575.29,4961691.0,151360.0,574.799562
2025-07-11,572.45,574.3757,571.37,573.22,4428852.0,177961.0,573.303206
2025-07-14,572.85,574.679,571.58,574.35,4747041.0,190148.0,573.732427
2025-07-15,576.85,577.16,571.85,571.86,5398956.0,196518.0,573.922551
2025-07-16,573.4,574.26,568.17,573.74,6139706.0,190879.0,572.340917
2025-07-17,574.02,577.65,573.8,577.18,6495346.0,165446.0,576.351805
2025-07-18,578.47,578.5,575.84,576.92,4261519.0,169724.0,576.842537
2025-07-21,577.98,580.53,577.59,577.95,5913837.0,207675.0,579.394905
2025-07-22,578.28,578.84,575.64,577.95,4767703.0,175794.0,577.450833
2025-07-23,580.57,582.96,578.87,582.86,4257345.0,152556.0,580.913272
2025-07-24,583.34,584.75,582.72,583.26,3840901.0,150849.0,583.806788
2025-07-25,583.81,586.04,583.59,585.58,4210090.0,157547.0,584.984395
2025-07-28,586.04,586.5,584.24,585.44,4193101.0,217891.0,585.523167
2025-07-29,586.82,587.08,583.12,583.92,5053447.0,168349.0,584.71084
2025-07-30,584.66,586.15,580.55,583.21,6974005.0,185592.0,583.866812
2025-07-31,587.83,588.1614,579.84,581.02,7046843.0,216626.0,583.99269
2025-08-01,575.73,575.74,569.29,571.45,8781254.0,418079.0,571.98846
2025-08-04,575.17,580.21,575.08,580.14,6640089.0,235857.0,578.221355
2025-08-05,580.79,581.5,576.4,577.35,4647381.0,195267.0,578.561073
2025-08-06,578.25,582.27,577.41,581.64,4545015.0,167339.0,580.566234
2025-08-07,584.87,585.52,578.3127,581.29,4594260.0,170481.0,581.069597
2025-08-08,582.93,586.17,582.6,585.74,4342341.0,163901.0,584.940692
2025-08-11,586.03,587.36,583.44,584.54,5373949.0,218809.0,585.354099
2025-08-12,586.75,590.96,585.435,590.78,5874245.0,183741.0,588.792968
2025-08-13,592.86,594.03,590.81,592.84,5392973.0,185282.0,592.279115
2025-08-14,590.92,593.51,590.5,592.85,6236666.0,192231.0,592.287951
2025-08-15,593.86,593.95,590.66,591.57,7196315.0,228797.0,592.003252
2025-08-18,590.98,592.02,590.35,591.36,5311743.0,241139.0,591.221765
2025-08-19,591.25,592.12,586.94,588.13,6739284.0,253609.0,588.948364
2025-08-20,587.81,588.0,581.85,586.58,7113572.0,275781.0,585.130186
2025-08-21,584.93,586.46,582.65,584.27,4807277.0,177883.0,584.708196
2025-08-22,586.27,594.32,585.84,593.21,6389278.0,206180.0,591.540939
2025-08-25,592.05,593.2299,590.55,590.7,6483035.0,255281.0,592.188251
2025-08-26,590.38,593.43,589.795,593.06,4776577.0,170569.0,591.494668
2025-08-27,592.52,595.14,592.44,594.42,6171422.0,184387.0,594.208389
2025-08-28,595.07,597.07,593.27,596.52,5058689.0,187973.0,595.650253
2025-08-29,595.24,595.55,591.245,593.08,7505851.0,278796.0,592.799878
2025-09-02,586.06,588.8,583.67,588.71,11116704.0,500936.0,586.519487
2025-09-03,590.81,592.23,588.78,591.72,8205922.0,254370.0,590.560613
2025-09-04,592.47,596.77,591.6,596.59,8045575.0,222329.0,594.362346
2025-09-05,598.91,599.6,591.45,594.96,6639674.0,267884.0,594.621326
2025-09-08,596.31,597.41,595.03,596.5,9472235.0,313623.0,596.194181
2025-09-09,596.61,598.37,595.01,597.95,7844787.0,219851.0,596.945716
2025-09-10,600.92,601.75,598.16,599.68,21641066.0,223405.0,600.102471
2025-09-11,601.43,605.23,600.89,604.57,9106446.0,196310.0,603.943988
2025-09-12,604.59,605.98,603.95,604.44,8130498.0,223207.0,605.036204
2025-09-15,606.47,607.77,606.2,607.59,7710693.0,319963.0,607.068867
2025-09-16,608.16,608.42,606.0609,606.79,6393185.0,240228.0,607.083596
2025-09-17,606.84,608.33,601.55,606.09,11613628.0,263911.0,606.325665
2025-09-18,608.55,611.31,607.07,608.94,11057482.0,256807.0,609.504899
2025-09-19,610.62,612.67,608.85,611.78,6065655.0,223546.0,610.887904
2025-09-22,610.52,615.22,610.51,614.76,11583809.0,293066.0,613.616087
2025-09-23,614.705,615.26,610.341,611.54,10752999.0,302305.0,612.517544
2025-09-24,612.63,612.74,608.19,609.5,23787299.0,277680.0,609.915829
2025-09-25,606.62,607.93,603.35,606.59,6965655.0,246075.0,606.153547
2025-09-26,608.03,610.7,606.565,610.16,6438634.0,210287.0,609.217676
2025-09-29,610.79,611.68,608.48,610.13,5658835.0,255841.0,610.122478
2025-09-30,609.43,612.86,608.27,612.38,6515666.0,200227.0,610.368863
2025-10-01,609.7,615.39,609.57,614.57,10019981.0,308834.0,612.802978
2025-10-02,616.41,616.48,613.02,615.25,7139472.0,308086.0,614.83347
2025-10-03,615.95,618.42,614.288,615.3,7210689.0,291542.0,616.65825
2025-10-06,617.46,618.28,615.48,617.4,6056437.0,365794.0,617.291922
2025-10-07,618.3,618.7393,613.82,615.2,7466277.0,321723.0,615.816878
2025-10-08,616.215,618.9,615.4642,618.77,5035243.0,195272.0,617.911136
2025-10-09,619.23,619.59,615.28,617.1,5898496.0,230037.0,616.722552
2025-10-10,617.99,619.6,600.23,600.51,13664157.0,547945.0,608.511023
2025-10-13,607.37,611.0272,606.575,609.61,6968434.0,329143.0,608.973634
2025-10-14,604.2,612.14,600.51,608.75,7493479.0,260628.0,607.901148
2025-10-15,613.07,616.205,605.82,611.43,6504851.0,258058.0,612.415046
2025-10-16,613.11,614.8,604.14,607.39,7594824.0,277823.0,609.267739
2025-10-17,606.34,612.02,605.1,610.76,6910972.0,235268.0,609.096987
2025-10-20,613.51,618.01,613.51,617.17,4086209.0,215579.0,616.525048
2025-10-21,617.33,618.74,615.981,617.09,4216177.0,187391.0,617.525623
2025-10-22,617.83,617.83,609.83,613.97,6961589.0,246881.0,613.291452
2025-10-23,614.25,618.474,613.99,617.44,5851842.0,168403.0,616.460304
2025-10-24,621.92,623.7899,621.207,622.55,5694867.0,207286.0,622.840376
2025-10-27,627.74,630.29,627.16,630.0,7804316.0,265575.0,628.594497
2025-10-28,631.71,633.39,629.64,631.69,5625627.0,229057.0,631.451385
2025-10-29,633.21,634.13,627.87,631.95,6104537.0,255274.0,631.809054
2025-10-30,628.81,630.63,625.1,625.24,6243275.0,267773.0,628.164717
2025-10-31,629.84,629.94,624.5,627.04,7058629.0,254256.0,627.576833
2025-11-03,630.42,630.54,625.16,628.27,5568052.0,344882.0,628.122278
2025-11-04,621.65,625.17,620.2,620.99,8390532.0,341504.0,622.17266
2025-11-05,620.59,626.0,619.83,622.86,10323060.0,261706.0,623.400188
2025-11-06,621.96,622.79,614.82,616.24,7099355.0,315681.0,617.689114
2025-11-07,614.09,617.02,607.92,616.89,7571254.0,381654.0,612.35417
2025-11-10,622.69,627.21,620.66,626.47,8424969.0,319722.0,624.440211
2025-11-11,625.16,628.49,624.07,627.91,5639205.0,217662.0,626.595266
2025-11-12,629.65,629.77,626.1,628.22,6090220.0,209115.0,627.919172
2025-11-13,625.67,626.02,616.51,617.99,13065765.0,316013.0,620.14872
2025-11-14,611.75,621.2199,609.83,617.83,9681664.0,330004.0,617.141535
2025-11-17,615.74,619.4485,608.81,612.04,8902509.0,371018.0,614.335587
2025-11-18,608.72,611.51,603.0,607.0,8542623.0,377832.0,607.904079
2025-11-19,607.52,613.5699,605.67,609.2,7449382.0,267474.0,609.000636
2025-11-20,618.72,621.1288,599.36,599.96,13984992.0,424635.0,607.499617
2025-11-21,602.25,611.01,598.38,605.93,9821397.0,333914.0,604.741418
2025-11-24,609.28,616.09,608.305,614.94,6242684.0,271795.0,613.390391
2025-11-25,614.78,621.75,610.99,620.66,7389540.0,229129.0,617.097963
2025-11-26,623.06,626.81,622.26,624.95,5323215.0,203556.0,625.130689
2025-11-28,626.025,628.63,625.705,628.41,2953169.0,175905.0,627.247983
2025-12-01,624.17,628.01,624.1,625.52,9191563.0,315046.0,625.824575
2025-12-02,627.01,628.77,624.62,626.58,5280591.0,219355.0,626.917115
2025-12-03,625.77,629.78,624.95,628.77,6338404.0,205771.0,628.069462
2025-12-04,630.13,630.18,626.48,629.3,5147737.0,219587.0,628.687175
2025-12-05,630.3,632.98,629.48,630.48,5693102.0,227432.0,630.984007
2025-12-08,631.36,631.47,626.701,628.61,6876706.0,278127.0,628.830306
2025-12-09,628.18,630.21,627.66,628.1,12848978.0,195774.0,628.82122
2025-12-10,627.63,633.505,626.47,632.16,22457434.0,256169.0,630.211877
2025-12-11,630.0,633.87,627.27,633.71,33921039.0,246156.0,632.19769
2025-12-12,632.8,633.43,624.48,626.87,8534727.0,322060.0,627.946939
2025-12-15,630.56,630.56,624.57,625.96,11337200.0,316464.0,626.560035
2025-12-16,624.55,626.22,620.65,624.21,15819621.0,281670.0,623.67268
2025-12-17,625.19,625.64,617.159,617.35,21356907.0,296692.0,619.89455
2025-12-18,623.05,625.94,620.57,622.01,37062387.0,235047.0,623.393032
2025-12-19,623.98,628.13,623.86,627.56,10487007.0,240422.0,627.033854
2025-12-22,628.965,630.27,627.8,629.73,9850052.0,271128.0,629.333453
2025-12-23,628.94,632.88,628.92,632.67,13798467.0,224659.0,631.477027
2025-12-24,632.67,635.32,632.54,634.78,3275186.0,162179.0,634.113705
2025-12-26,635.14,636.075,633.88,634.84,3852111.0,270131.0,634.812174
2025-12-29,632.3,633.79,630.95,632.6,6579447.0,334732.0,632.342167
2025-12-30,632.2,633.21,631.41,631.72,4180422.0,241587.0,632.253695
2025-12-31,631.94,632.14,626.94,627.13,5556821.0,263436.0,629.326278
